horse,horse_marks
開心大師(B222),96
神馬飛揚(V368),61
盛勢(V243),118
表表馬(C233),75
環保時代(C355),91
志聰明(C319),71
君臨大地(V192),95
西夏之王(C295),63
如沐春風(B150),81
運來寶兒(B444),69
靈鋒(A245),100
任意駒(C047),75
友盈有款(B182),76
電訊飛彈(D209),95
明月昇輝(A324),128
獵狐章者(B187),112
龍鳳情祥(B185),100
皇家魅力(A356),95
豹子膽(C389),99
漸信龍駒(C017),98
電子傳承(C322),60
靈光八號(C154),60
赤水神駒(V364),82
娛樂大少(B060),86
銳俊良駒(C513),58
英明勇將(T348),142
雄龍(C191),143
運來福星(C473),114
金剛石(C106),110
皆大開心(D364),102
喜駿之星(D033),126
活力長勝(C498),102
上校(D090),109
龍鑽輝煌(D143),101
深愛(A088),135
超速(D161),116
怪獸厨神(D411),93
美活人生(D398),92
魅力漢子(C412),81
特醒(C060),122
春風得意(C309),133
發財好市(D414),99
富存大師(D371),108
合夥年代(C534),105
荷花福星(C311),121
中華威威(D075),118
老友威威(T349),147
天天智庫(D231),75
大軍閥(C113),98
火箭砲(C520),67
好運寶寶(D372),115
真精采(C270),84
清新動力(B067),91
凌駕(C386),138
心頭好(D360),107
心中有您(B283),114
翡翠綠(C056),123
電訊火箭(C137),159
中華之光(A168),100
醉醒神(B436),121
恆駿寶駒(T262),123
軍炮(V371),95
都會之星(C396),93
芙蓉莊(B339),91
開心歡呼(C536),79
一代莊主(C419),66
勝出魅力(D192),80
路路之星(C031),125
飛馬輝煌(D337),112
同有友(D048),115
都柏名駒(C436),145
管得掂(D248),114
大醇威(D150),103
自在人生(B169),83
福星高照(D407),109
紅旺(C341),143
地通拿(D346),95
陽剛武士(C328),83
開心好友(B466),127
好運多寶(D400),66
虎視眈眈(D290),86
精彩勇士(D387),118
奮鬥同心(C314),117
各取所需(C474),125
大俠士(C373),96
二話不說(C134),119
事事亨通(D174),103
電訊琪峯(D368),92
陽光戰駒(D265),74
贏多多(C004),122
禪勝寶駒(D270),111
嘉應精英(C240),132
青蛙王子(D324),86
無敵勇士(C483),137
信威王子(D383),68
最合拍(B393),145
旌暉(V077),131
勝利風範(C186),128
錶之智能(D139),137
大籐王(A061),155
勝得精彩(C061),134
載譽歸來(C215),126
有理共想(B180),133
君達星(B019),117
美麗非凡(D023),96
明駿之星(C229),155
勁搏(D386),126
將耀(C429),108
佳運來(T380),146
志在四方(C140),125
傳奇(V357),113
星運明爵(C431),113
帝豪寶寶(A050),192
健康在望(C172),141
天池怪俠(B350),110
魅影揚飛(A354),144
蟲草之星(B070),138
天生一對(C027),122
金融才雋(D389),86
超霸神駒(D353),110
蒙古王(A098),150
極速王(C231),147
輝煌星(B163),128
超級綠洲(D085),107
家樂飛駒(D267),93
美麗掌聲(C228),146
勁無比(B034),96
必妙星(C507),88
競技勇士(B285),100
聚才(D108),112
綠彩威利(D264),73
不羈的風(B271),105
雪霸神駒(C073),55
開心好玩(B316),115
確妙星(D173),89
仍然贏(C388),106
爪皇轟天(A291),114
勁飛聖(T361),139
晨曦寶馬(C023),100
驫驫(A315),103
喜奔騰(B143),99
金剛秀(T436),105
箭神寶(C384),91
好攻勢(C334),90
香江穩勝(T254),90
怡昌福星(B357),84
鼓浪威風(C088),90
鵲橋飛渡(A247),71
泰益善(B358),100
愛馬劍(B013),149
陽明高高(B132),133
精彩飛動(B095),79
快閃的(A189),109
路路富貴(C442),62
贏科超影(A164),100
新界之星(A081),136
龍船(V186),120
歡喜心(A224),123
燈胆精英(A183),92
銀河飛馬(C275),113
嘭嘭聲(D015),95
過河勁卒(C381),123
萬眾之力(C329),109
奇妙日(B332),81
金糠(D134),75
嶺寶峯(B333),79
趣怡(D242),86
無價寶(B254),109
清福(A364),93
活力爆發(C525),89
紅旗飛翔(D224),67
人和家盛(C531),118
富祿(C352),127
騰龍超影(T372),162
摘星之光(D007),108
太陽戰馬(C212),95
紅星(V273),117
首飾傳奇(D032),96
勝感(C324),93
非凡魅力(D102),92
乘勢歡心(C423),98
牛精大哥(C034),88
合金之星(D053),83
福滿寶(D118),97
勁跑王(C420),105
戰熊三千(C457),133
木火同明(C460),121
成才(B085),96
鑽飾明駝(B183),102
好友利(C223),101
南莊之歌(C480),115
真勝者(C039),119
得賞(B288),104
駿爵士(C406),124
好友無敵(A217),103
合夥精神(D175),76
精算齊同(B102),118
飛天劍(C463),101
勞動創造(C138),115
飛雲騅(B274),126
南莊加寶(B048),144
紅粉彩影(C284),108
神舟寶駒(C269),62
玩具達人(D203),102
山桃(D320),84
超趣(C285),102
運財再來(D339),82
世紀舞王(C512),79
加州雷電(D147),136
南莊加好(C025),126
超能量(B294),152
馬功臣(A296),140
加州嶺域(C523),94
白鷺飛翔(A127),130
晨曦飛馬(C351),121
三生好運(C359),124
凱旋來(C495),104
小鳥敖翔(B069),74
獎金大王(B433),103
喜佳龍(B377),147
會長之星(C205),112
無限商機(C432),87
孖寶(C239),112
金鷹翱翔(C446),95
偉大勝利(C048),108
喜盈寶(D424),110
暖在你心(D272),116
加州更好(B204),102
同盟力量(C036),124
行星夢(D100),123
四條煙(D365),80
旋里多彩(B469),101
印水紙(D043),92
堅有料(C011),108
理想回報(A305),126
金津一號(D306),107
怪獸都市(A190),121
金地飛客(V161),83
活力寶駒(B279),121
捉金皇(B460),127
神期大帝(D107),116
百寶袋(D008),120
樂多福(A208),74
笑傲成功(C250),75
神火金剛(B004),75
祥勝寶駒(D154),69
時尚傳奇(D012),67
好友祥勝(C220),75
明月千山(C403),106
八卦(C102),115
福喜多多(B128),111
超然(V255),107
特駒聯盟(C472),127
喜進龍(C539),88
幸運拼圖(D112),79
無忌(D255),80
怪獸媽媽(D408),96
叻者(D370),93
大笑星(D279),92
生生勝勝(C110),123
八駿雄風(C449),90
老撾之光(C291),59
輝煌巨星(C046),108
旺旺寶駒(C418),95
常山耆寶(A275),84
晴朗拍檔(B071),87
黃金元帥(A346),79
勇晉大師(B452),81
醉開心(B286),71
星河戰駒(C245),89
閃電龍(D077),66
自然君子(C089),125
友誼之星(V379),116
帝豪大師(D225),114
寶得住(C125),103
管之星(B006),112
喜多樂(C224),115
尖子(C266),77
星威(D295),76
創高峰(D136),88
福善(C426),104
紫菜福星(C440),112
保羅承傳(C517),135
金元寶馬(C094),93
海島材子(D219),116
會展達人(C505),49
珍珠鳳凰(B201),94
皇帝賽(C249),116
冠寶駒(D359),117
愛凡達(C187),95
環翠戰士(A187),123
牛精輝煌(A118),76
總統之星(C170),93
夢幻戰士(C280),116
超能力(D093),133
醒臣(D394),106
錶之銳(C193),91
加州凱歌(D067),109
安迅(C262),93
銀紙(B025),124
高友之星(D384),95
浪漫組合(D271),108
健康美麗(B384),122
顯心星(D216),133
同樂日(B087),104
巡航導彈(B337),109
簹多福(D352),105
幸運傳奇(D047),131
善傳萬里(D167),116
疾風明駒(D426),108
再大大(D084),101
醒目勇駒(B456),105
輝煌芯(D055),108
軒轅齊飛(V250),95
大金庫(C146),101
團結精神(B230),102
健快聯盟(C135),147
駿皇綵(A170),101
弛曜風(C028),136
好好學習(C458),123
跳出世界(C333),142
萬事叻(C022),140
得勝駒(B112),97
安采(D066),90
小太陽(D035),115
正陽清風(B343),99
夢幻人生(C166),123
亮先生(B179),81
綫路光輝(A402),117
元朗之星(C303),98
安頌(D381),100
紀利雄星(C041),127
威力飛馳(D423),94
專一(D191),108
正本開心(C227),128
爸巴閉(D235),96
錶之智慧(D289),86
嫡愛摯寶(C062),118
共同勝利(D391),101
無心睡眠(D082),124
金期莊家(D342),76
快利寶(A320),122
藍海策略(A411),115
榮惑(C370),80
動力飛鷹(B072),120
睡眠攻略(C493),81
御風超影(C268),90
全心全意(C254),76
喜勝駒(B167),124
風雨駒(C376),114
維港奔流(D042),118
天地人(B403),127
淺草飛(C477),83
正本歡心(D366),100
桃花紅(D202),91
陽明秋秋(A057),155
智理共想(D060),75
玩斗財星(C243),77
中華精神(D148),89
辣得真(C021),80
甜酒杯(D247),89
從頭越(B073),77
幸運飛駒(A092),97
凱旋戰士(C185),60
機緣巧俠(C358),118
明德之星(B395),115
堅離地(A235),75
爪皇烈焰(T353),132
東方雷(C500),100
塑料喜(T326),135
為善聚樂(A249),85
傲龍駒(D164),81
盈嘉輝(C080),90
鴻圖巨星(C163),84
進力之城(D113),108
情趣(V114),118
好計(B432),101
鑲白旗(B336),120
威進駒(A326),140
奇真(T093),128
旅英福星(C368),87
晉神(C476),81
戰鬥英雄(D050),120
翡翠劇院(A040),77
追風驥足(D009),130
正本雄心(V303),133
軒轅又牽(D181),100
天衣無縫(C261),82
雪戰神駒(B371),107
太空戰士(C339),80
勝利在手(C103),112
富萬家(V286),78
威力喜(D074),82
勁瀟灑(C252),109
仙履奇遇(D332),105
日日靚(D070),114
老實人(B200),129
神州俊馬(A282),116
得益良多(C353),138
銀亮之星(B027),114
信心滿滿(D229),94
善傳千里(A121),106
相中飛揚(D028),87
合金皇(D287),92
綠色時代(D392),102
樂滿家(A293),95
年年旺(C122),141
年年豐收(D180),105
好甜橙(A300),108
奇妙星(D068),96
實力飛駒(V138),105
閃電精靈(D071),130
大武士(B216),99
眾善積福(B334),64
賞心星(C251),118
跑得威(C127),94
向前看(B331),75
火天大有(V406),102
喜盈運(V337),100
競駿飛鷹(B292),73
雙天至尊(C293),89
天天精彩(C414),136
團結一致(C494),106
榮冠大道(V378),120
兩全其美(D205),116
皇龍司令(C208),115
勇福星(B035),94
富高八斗(B473),127
霸勝(A270),126
八心之威(D285),106
吉利大勝(D122),100
帝豪精彩(D010),106
勇敢動力(D153),83
全力衝(D027),82
常勝心(D044),93
有苗頭(D097),85
奇妙仙子(D210),86
快益善(B478),114
精彩有你(C394),120
開懷大少(A278),143
嘜誰嘜誰(C323),74
博愛友威(C152),88
凱倫致寶(D213),78
神駿馬車(D156),118
北極光(D105),132
魅力星光(C540),127
愛逍遙(D190),84
首飾大聖(B378),134
冠軍名駒(D155),105
紅海福星(D338),87
超得意(D406),90
共創繽紛(D335),132
明欣賞(C327),126
進優自在(D258),126
醒目再臨(A314),116
高高(D397),96
股票傳奇(D039),115
歡樂好友(C533),103
機械戰士(C532),115
創科先鋒(D361),103
高能量(D016),83
生生福運(D274),86
見龍在田(D220),81
鎧運之星(C482),97
歡樂小子(S235),205
三圓䮭路(C149),96
嘉才(D196),96
叻叻精彩(D217),111
連連行運(C441),113
大自然(C489),84
樂盈盈(C369),91
青年聯動(D046),80
星運子爵(D187),135
長長友(B472),101
超勁勇士(D298),119
美麗精神(B409),86
精簡最好(B464),102
標準猴王(B244),109
高瞻遠矚(B345),128
夢想成金(D358),129
悅跑得(C502),91
平海掌星(D123),143
閃電俠(C099),110
電子群星(C132),143
天作之合(D345),106
電訊驫馬(C181),82
令才(D350),90
大師級(C271),89
玖寶(D056),111
翠龍(B156),114
勤德兼備(A071),131
大道至正(C197),123
翠湖飛鷹(B391),132
熱血鬥士(C360),133
繽紛遊戲(C013),123
飈驥(C160),122
格萊美(D025),84
威紫荊(B325),69
家家勝意(C510),68
成功星駒(D065),83
陽明亮亮(A359),130
惜多福(A323),101
天意(V417),172
冰雪聰明(D103),87
濃有(C244),99
南區寶(D149),106
大當家(B145),73
旅遊拿督(V235),135
隨我來(B300),78
扎西德勒(C084),112
幸福老撾(D321),111
發財福星(C413),110
勇敢皇者(D132),87
一舖成名(B162),94
美麗天使(C541),118
紅麗舍(A005),148
金如意(A172),107
靚紫荊(A135),84
其利斷金(B426),114
雷公鑿(V279),121
幸運飛彈(C501),89
行樂之光(D331),90
安定繁盛(C064),114
加州得迅(D276),121
量化歡騰(D049),102
美麗躍動(C318),111
帆哥兒(B089),109
金鼓齊鳴(B190),134
大紅包(B246),127
豹子頭(B083),111
好運(B376),119
公証福將(A148),132
盛大光輝(C121),96
禾道駒(B253),112
美麗友盈(C124),74
寶貝兒(B365),135
果然友(C313),136
勁快步(A053),91
多多利高(D204),93
太陽勝將(C365),85
鑲藍旗(C167),86
種福者(B390),118
雙節棍(C357),120
進優(D011),68
旺舖必星(C387),96
超霸無敵(C256),69
步步為贏(D257),99
金碧科(B225),147
勁力威龍(C437),121
超跑王(C479),83
前進(D162),120
星夢帝國(C407),95
冠鋒(D086),79
皓月千里(C538),85
香港精神(D241),91
有得精彩(D238),108
金莊令(D222),123
歡欣福星(D273),121
美麗歡呼(D436),107
哈蝦王旺(B381),83
尖辣椒(D286),86
過關勝將(D151),82
八進(B263),90
金枝玉葉(D363),108
幸運大兄(A423),104
平常心(D278),112
陽明滿滿(B047),126
發財先生(B265),91
競駿披星(C490),94
青心星(D099),113
豪情勁駿(D325),72
金鎗六十(C238),163
美麗傳承(V380),184
川河尊駒(A252),142
二郎(C019),138
百步穿雲(A165),145
與龍共舞(B129),126
友誼至好(C050),109
嘉應之星(C198),124
烽煙四喜(A036),125
發財寶(B220),149
眾歡笑(D038),115
威威心得(B052),93
行雲流水(D233),107
順意寶(B164),125
精準快車(D198),93
東方繁華(D232),80
奮鬥從心(D466),77
幸運快車(D026),124
知道必勝(C383),129
寶成智勝(D228),123
道道(D351),91
百勝龍(V356),130
牛角仔(C234),131
場場精綵(D126),97
鄉村瑰寶(B396),116
銀時(C216),89
日日夠(D310),86
粉絲狂歡(D440),101
暴風客(D469),100
歐洲新星(D119),72
福多寶(B026),122
全才(B213),136
神龍駒(B108),113
軍威振(D141),94
悅裕(B189),141
自然力量(C461),123
電路一號(B373),94
快步速(C427),117
開心日子(A333),137
赤火神龍(A350),24
大眾開心(D029),131
英之友(A373),84
一切順利(D452),100
高明駿將(C511),122
龍城猛將(V225),121
日日精彩(B461),109
怡昌寶寶(C273),98
瀟灑王子(V069),130
綫路勇駒(A041),142
美麗多多(D116),129
快馬飛馳(C277),102
全民佳知(C288),97
鑽飛龍(D111),93
高大威猛(C470),135
非凡才子(C095),125
聰明導彈(C037),134
將悅(D022),105
真妙星(C059),105
滿冠熊(C143),95
千金一諾(V149),73
靚籐王(B425),85
翡翠鳳凰(D179),137
糖糖幸運(D206),121
桃花盛(D234),93
秒秒精彩(D283),114
駿皇星(D144),87
驍鎰(D439),81
瀟灑哥(C524),77
度身訂做(C522),105
愛添勝(B362),103
霹靂狂龍(D003),120
坪山新星(C242),98
皮具之星(C307),118
叫關盈富(B482),71
海豚星(C332),102
威妙星(D356),116
神朗金剛(D177),96
請讓路(E035),96
好好彩彩(B188),115
威力爆發(D304),94
智弗拍檔(D330),76
勁進(D195),60
安賦(B353),125
八太子(A426),141
轉數高(C007),137
榮華煌昌(D252),82
和平路(B161),103
西利哥(D128),90
神州福星(B326),106
佳景福星(C454),128
萬眾力得(D328),120
瑪神好運(E024),77
傳盛(B416),149
快樂騏驥(D390),94
閃電烈馬(C201),91
喜蓮騏星(C165),107
精神威(C345),137
勇猛神駒(C462),119
曈曨光彩(D188),101
好好瑪(B318),112
逍遙自在(B210),131
傑彩繽紛(B457),112
喜氣綿綿(C236),103
怡威(C496),54
肥仔威威(B366),119
水箭龜(C450),129
永益善(B003),137
多姿多財(D125),99
湛江最醒(B406),116
悅目星光(A137),95
一見傾心(B401),75
老表醒(D249),81
超威星(D297),121
桃花旺(C364),100
開心一號(C486),89
平海歡星(C377),93
酷比哥(C192),93
經典之星(C343),114
激賞(A377),124
勝利威龍(C292),118
辣臣(D199),119
火旺勝馬(D165),93
椰子糖(D437),94
富存英雄(D245),94
是必飛飛(D121),130
紅衣震撼(C366),113
胆大威猛(C338),104
全中(D104),95
馬驕雄(B455),82
創紀錄(C168),73
馬爾代夫(D329),126
宜春輝煌(D385),103
南區有(D395),106
合衷共濟(B250),133
活力勇士(A313),112
健康愉快(D435),112
利害了(C367),131
電訊巴打(D482),120
嘉應精彩(C526),137
赤火驍龍(D419),83
星運男爵(D250),106
超新星(B380),133
帝豪寶駒(C035),107
葵涌精英(C173),108
紅寶舍(D211),72
嘉應風采(B115),84
加州明雋(B363),108
合進駒(A327),84
連利福將(B475),118
又享耆成(E069),92
生生發發(B467),78
利之贏(C504),75
綠色勇駿(D140),106
美麗甜心(B410),86
總理(D288),98
金獅大將(E057),88
文武傳奇(B137),101
興惑(B351),99
太陽威威(C111),126
綠色有運(B413),122
又係熊(C301),88
緻寶駒(D236),93
白鷺盛世(D163),80
萬利高(V396),116
旺蝦王(A299),160
遨遊戰士(C247),126
龍戰士(C153),88
甲烷(C469),119
超好日子(D473),119
聲勢(D120),108
鎂之妙(C416),97
正義駒(D146),86
赤馬雄風(E028),101
嘉域騏(B110),78
多多寶驥(D243),121
鱷臨天下(B141),107
任我行(C297),105
星洲司令(B104),110
協霸神駒(B405),116
添滿意(C079),122
幸福掌聲(C492),93
鞍歌(A177),157
紅運大師(C287),109
黃金甲(C071),79
新力寶(A379),91
電路六號(D432),94
威闖(D168),95
有視力(D251),92
藍天之星(D420),93
錶之鈴(D401),75
壽臣(C326),110
尊才(D418),95
綠尚飛馳(B258),117
噴火龍(B463),145
錶之皇者(B398),115
電訊精英(D355),70
鐵胆威龍(C015),102
安旋(D382),100
喜又盈(C515),91
宇宙紀錄(D137),77
翹軍(B424),72
怡昌勇士(E025),94
榮彩大道(C340),82
日就月將(D157),117
一路順風(C453),111
有緣人(D348),88
世紀之威(D301),90
帖木兒(B001),117
和氣生財(D110),116
成之寶(D430),88
電路七號(D474),78
疾風勁草(D197),121
新威力(D463),89
嘉喜旺(C421),110
旗袍老細(D207),97
萬事有(D443),85
競駿翩翩(D399),98
無極戰士(D073),87
龍之英(C206),58
飛帥(C455),86
有錢開心(D135),76
紅磚勇士(C304),114
幸運精選(B114),127
赤電神駒(D166),87
速遞奇兵(D449),122
極速奔馳(D262),119
包裝昇威(D471),100
天賜寶(V401),100
紅寶金堅(D313),73
神光勇士(D447),78
精彩非凡(D327),102
超班福星(C183),120
喜蓮慧星(D460),115
童話(B238),106
美麗日子(B076),121
馬主星輝(B427),103
安承(D059),96
馬友冠(C299),102
高耀智星(C067),116
勁力勇士(D428),101
悅驫(C521),102
嘉應傳奇(B234),86
爆騷(A207),122
美麗笑容(D347),126
智慧神駒(D456),97
千里駿駒(C253),104
樂飛勝(B450),71
上浦福滿(A193),88
紅鞋兒(D081),75
快樂歡騰(B272),102
太白山(D410),88
狂舞派(B404),115
天外天(B435),124
快活一番(D037),87
達心星(D088),144
大雷暴(D369),102
開心財星(D341),67
心中有馬(D434),99
佳尊三(D186),80
鼓浪順風(D040),107
有毅君子(D230),74
時時有餘(C465),125
包裝永旺(D457),104
英友好友(C527),84
天地同心(B030),120
駿益善(E090),116
安逸寧靜(D189),74
一舖縱橫(B385),93
騰飛塔(D500),96
駿馬風采(D334),111
勝賢(D169),123
蟲草天峰(E083),95
錢途光輝(D218),70
當家猴王(D142),125
韋小寶(C188),156
好好利高(C226),113
友盈友福(D343),73
時時精綵(B101),178
達龍駒(C075),99
馬克羅斯(A066),83
順勢贏(E043),112
怡昌飛駒(B064),126
美麗高飛(E023),101
巴基之友(B370),103
川河明駒(D237),109
拖板精英(C362),73
驃騎飛(C456),92
鵰神(B023),104
如真如假(C222),143
喜跑(D294),85
威風駿馬(B437),102
舉世無雙(A310),89
真開心(D076),81
錶之未來(D422),130
騰龍駒(B349),112
合約精神(E004),113
蒜頭本色(D160),88
財照發(E007),108
人和家興(E061),115
雪茄菸(D512),87
華麗傳承(D080),68
遨遊之星(C098),108
好鬥心(C443),111
閃耀榮光(B372),150
文明之星(D429),115
樂滿貫(D476),98
紅海之星(D317),75
精彩輝煌(B411),102
極爽(C131),95
紅酒之寶(E101),95
英之星(C058),106
飛霸龍(B033),147
莫浪求(D200),120
上捕先鋒(C300),62
良朋共盛(C405),74
萬市之光(E009),102
有錢分(B079),118
馬上喝采(D302),89
黃色潛艇(D300),87
心常樂(E003),94
喜駿駒(D479),126
電訊超班(E140),108
花果山(D379),91
鴻運飛鷹(D481),121
天駟(D393),107
星光爸爸(D322),85
風流人物(D498),105
小玩家(E066),97
源源動力(D014),103
文武先鋒(B049),82
幸運仔(D018),99
活力爵士(D266),88
你知我勝(D451),112
綠豆怪傑(D079),87
有力(E017),88
挺秀精神(E027),84
將俠(D501),124
醒旺財(D208),121
獨角寶寶(C203),98
及時行樂(A125),143
緣份(C535),87
連連歡樂(D376),113
精靈勇士(D172),119
協進神駒(D263),100
神舟駿星(D475),89
快快趣(D402),73
添勝仗(D277),90
美麗滿紛(C475),109
電路三號(B360),126
創意天才(C391),87
妙算達人(B224),83
都靈紅星(B092),126
超額認購(C361),96
峰爭(D472),108
包裝得勝(D291),100
錢途燦爛(C005),97
甜心寶駒(E070),89
豐彩華庭(D314),102
帥男(D459),80
澳華威威(E144),84
勇戰神駒(E052),110
機智三寶(D455),98
紅鬃烈馬(D087),115
雷霆戰駒(D124),106
比超(E011),81
精明才子(B090),121
勁力十足(D362),116
仁者荃心(A157),109
喜勝勁駒(C325),116
足金好球(D465),116
宇宙英雄(E141),81
電訊犇豹(D405),82
大眾歡呼(C225),123
勁駒(D138),102
活力得勝(C091),106
銘記知心(E089),100
名牌效應(E030),101
日日有餘(E064),87
勝將飛騰(E021),98
天賜歡(E010),89
勇者勝(B010),96
友港友笑(D367),113
神州風範(C509),92
永同歡欣(C232),110
輗多福(E105),99
冰雪奇遇(E075),105
謎語(D491),95
好玩福星(E013),118
辣得驕(D159),101
影疾(C466),114
鑽石福星(D446),94
牽旺加富(E127),100
平海飛星(B407),125
龍鼓飛揚(C120),131
至尊高陞(D052),122
王炸(E143),104
御金寶(D477),95
喜豐寶(D478),98
飛輪閃耀(E054),118
包裝永勝(E056),106
柏林探戈(E120),93
霽月高風(V385),106
超組合(D493),99
巴基勇士(D312),94
辣得交關(E118),100
艮志騰雲(B119),142
時時好綵(E135),100
勝利波幅(D499),102
彩虹之光(E051),107
喜悅天空(C195),61
歡樂一生(T134),117
膠囊大王(D490),94
勁加加(B319),102
五邑之星(D503),102
勇眼光(D487),111
手牽手(E050),86
包裝千里(E096),93
月球(D409),97
捷報(E123),96
電玩時代(D269),88
大紅心(D311),95
舞士精神(C180),126
鋒芒快露(C417),113
勁得手(C030),97
美滿將來(D115),88
大有心得(E155),116
包裝太保(E142),115
確認眼神(D404),90
蒲俠超得(E138),79
天德(E128),83
大紅星(D305),73
業界巨頭(E811),102
鬍鬚漢(E810),98
野田重擊(D802),105
川河達駒(E280),98
倫敦塔(E801),96
神亮金剛(C029),121
明月輝煌(E173),95
鑽一鑽(D461),87
頌讚火星(D807),106
夏威夷(C150),133
澳國勳章(E804),100
羅馬精神(E803),96
樸素無華(D808),104
勝出光采(C826),110
變魔術(E808),101
野田優驥(E807),100
實勁力達(E806),98
狂潮(E191),98
四通八達(C024),125
皇者峰範(E189),99
駿龍飛騰(E121),81
開心有利(E160),102
金剛福星(D017),98
零距離(D453),110
明海快駒(E067),92
皇帝金(E077),101
打鐵趁熱(C133),103
力王(A065),85
當家精神(D489),111
齊齊友福(D505),121
浩大星輝(E020),90
鑽飾貔貅(E112),85
大家開心(E029),101
星耀之光(D496),96
紅衣火旺(E084),99
知道再勝(E178),114
弗雷(E047),111
榮進挑戰(D316),92
皇寶(D416),110
真勇士(D072),98
陽光霸駒(D483),92
為食格格(C312),111
加州十大(E045),101
倬躍錦標(E133),86
觀世界(E039),108
奔達之星(D244),82
海精英(E076),98
紅褲福星(D445),85
軍力勁(B192),103
手到回來(C001),131
合夥贛勁(D051),102
都市神話(A086),156
好眼光(D375),119
逍遙駒(E065),114
電玩福星(E048),89
福逸(D176),137
楚霸王(E162),106
旅遊達人(E170),100
麒麟(E151),102
金鼓雷鳴(E042),106
有運來(E187),100
閃耀中華(D486),100
好友順(C337),85
彪形遨漢(E037),95
珠龍駿駒(E049),96
對衡之星(E082),95
奪速(D001),83
勇趣(E223),98
銀馳(E131),110
摯勝寶寶(E041),94
天祿(C082),119
劍飛天(E237),97
駿龍駒(D129),109
路路醒(E053),121
新威煌(E095),112
開心威龍(E174),95
威星神駒(E207),97
二雋(D415),126
銀亮戰士(D509),92
陽明冠爵(D240),98
勇冠全城(D239),92
龍城皇將(D246),88
優達星(C356),95
上浦精神(C350),74
小福將(C096),103
十二馬(D280),127
虹鴻(D098),121
頌聖(E171),86
友心友型(E100),92
競駿攻略(D380),92
美麗同享(E058),98
將王(E198),107
莎皇者(E224),94
好運寶馬(E157),117
隨喜(E085),100
好拍檔(E097),101
爆谷(D307),91
氣宇軒航(E019),84
獎金王者(E103),80
劍在九天(E078),106
快利來(D506),87
當家信心(E153),99
悅華盛甲(E033),91
鋼鐵福陞(E111),95
神逸金剛(E093),94
綫路豪傑(E014),89
駿嶺峯(D494),89
常常精綵(D340),84
燦爛承傳(E124),92
福盛(E137),96
步步繼(E202),94
領航大帝(E148),90
友瑩昇(D417),83
華美福星(E086),93
慣勝情緒(C451),88
阿李蝦蝦(D508),89
南莊精神(D468),98
勁叻仔(D513),92
樂益善(E129),115
一拍即合(B402),129
鼓浪陽光(E063),99
皇龍帝國(E211),92
電子寶貝(E088),98
無限驚喜(B477),72
天賦威力(B335),70
旗幟輝煌(E190),115
全勝神駒(E136),100
帝豪福星(B348),107
跳出香港(A238),122
幸福笑容(C199),122
符號(E194),87
幸福人民(E196),94
志力同心(E134),105
幸運勝駒(C514),78
變數(E113),107
仲得威(E079),103
寶成智叻(D227),86
魅力仔(E156),100
雪茄之友(D299),91
聖嶅者(E094),97
馬友皇(E152),92
明月生輝(E074),102
天火同人(E175),117
慣勝積極(A345),106
綠續爆發(E104),98
海王駒(D063),75
劍聶風(A201),94
紅酒之星(D194),84
勝得威風(E219),118
好大大(C425),108
金像非凡(E109),111
寶山鷹(C248),107
延續美麗(E229),82
悅風雲(E235),86
博愛之光(E139),92
幸福友善(E044),93
競駿天驕(B097),121
犀利時光(E206),96
妙算騰飛(C519),112
馭風行(C433),82
育馬之星(E172),96
資本家(E201),106
開心人生(C065),126
怡心聲(E114),109
快快有(E183),104
遨遊千里(C363),107
快一步(D454),100
好玩大少(E080),89
水星二號(D303),82
萬事傑(E213),84
威威高星(D101),98
威風凜凜(D114),88
必長勝(E240),115
忠誠駒(E130),93
北區威龍(D354),96
佐治勇駒(E257),103
極速飛彈(E199),95
威之星(E132),97
揚帆順風(D201),91
香音(C265),97
友誼至佳(E208),101
大鴻彩(E005),99
蓮花剛玉(E026),98
連利之友(C471),79
拍馬難追(E234),92
正時機(C161),72
錢途永恒(E092),91
箭意(D106),117
叻蝦皇(D378),88
迎有(E254),92
佳運財(E269),120
尚方寶駒(D502),95
牛精麒麟(E286),78
跑得寶寶(E179),83
神舟時代(D507),99
皇龍福將(E110),110
小武士(E267),95
閃得快(D061),117
甜睡密碼(E232),104
終身美麗(E275),91
興高采烈(E197),90
恭喜發才(E274),93
上駿之星(E203),103
蝦餃燒賣(E147),106
真感(E209),112
威武承傳(B451),117
王者奇兵(C130),77
大眾勝利(E177),102
勁得裕(D488),87
餘皇(B155),83
樂天派(E166),101
型感(D296),98
俏芳華(E106),112
杭州飛輪(E149),108
以戰養戰(D024),124
精算赤焰(E258),83
向上游(E036),88
喜孖(E185),86
紅褲之王(E262),101
超誠寶寶(D318),73
攻頂(E221),111
發贏喜(E251),102
蟲草老爺(E259),94
齊快活(E167),94
合夥雄心(E218),109
悅豐泰(D344),101
森林烈火(E214),92
電子兄弟(E266),89
勇寶駒(E238),85
雲彩飛揚(E122),75
奮鬥齊心(D349),81
奮鬥雄才(E255),97
超音鼠(E046),104
宇宙經典(E212),92
唯快不破(E298),100
印鈔工廠(E073),93
功夫茶(C136),105
青工精神(E231),90
凱旋駿驥(B430),98
財來有方(E012),91
財駿(E282),106
川河進駒(E215),94
大紅蜂(E297),117
縱橫十六(E244),99
得勝多(E161),101
易來豐(E242),90
得意(C174),84
摯多福(E205),89
智醒財星(D421),108
歐洲導彈(E277),92
前風(E281),90
包裝大獎(E264),110
勝煌(E299),93
勝靈之駒(E018),101
蟲草之凰(E107),95
馬上精彩(E290),92
齊齊出擊(E186),80
百勝名駒(E230),98
繼續精彩(E252),94
綠魔勇士(E081),96
星光銀駿(E304),95
萬里飛至(E204),95
運利多(E256),110
一定美麗(E279),115
勇闖(D442),109
四季喜(E146),105
翡翠精選(D133),108
日輝煌(E339),101
閃耀光芒(E261),101
波哥哥(E239),88
招財勝駒(E169),94
齊心同行(E287),105
添有運(E268),101
安錦(E227),95
團結力量(D005),115
大地歡笑(E353),96
飛虎凱旋(E233),92
得力寶駒(E270),109
有主意(E344),106
龍來了(E222),101
不可擋(E336),102
金牌實力(E328),99
潮州勇士(E226),94
蟲草成名(E363),105
亟多福(E334),98
大將風皇(E308),96
恆駿之寶(E311),89
龍寶寶(E098),108
金馬玉堂(E327),102
潮州大兄(E188),101
常山猛虎(D484),97
蟲草無敵(E243),95
勝利才子(E091),116
玄天勇驥(E150),87
驛驛其達(E284),97
星駿(E165),96
勝意龍(E253),97
張燈結綵(E272),95
精算謀攻(D495),96
健康第一(E318),99
優悠皇(C399),89
贏盡天下(E310),104
航天勝將(E006),103
逆市奇爸(E321),100
三劍俠(E303),87
兄弟友盈(D403),90
唯獨愛你(D821),102
耀滿瓶(D813),106
謀勇兼備(E812),100
神業(B824),99
活影(B100),106
世澤歆星(E168),104
迎彩繽紛(D492),96
機緣在握(E305),83
得福(E295),97
摘星光輝(E316),88
團結必勝(E325),99
高陞高聲(E312),96
嘉應精神(E217),106
卡比叻叻(E022),95
特登(E377),87
創福威(E210),98
有鴻利(E184),92
鐘意寶(D388),96
顏色大師(E350),101
包有利(D315),97
話贏就贏(E289),103
飛凡(E271),93
鹿鼎記(E245),105
電源之駒(E301),97
誠心所願(E343),93
幸運勇駒(E292),93
八仟師(E330),108
步履娛飛(C289),108
東龍陣(B394),115
非凡膽識(E031),99
友之星(E072),99
安田之寶(E288),101
日日型(E322),96
倍增勝數(E320),91
一擊即中(E102),95
旋風飛影(E300),105
神之水滴(E260),115
八騎士(E163),103
寶麗生輝(E323),101
正大光輝(D336),95
常拼常勇(E306),106
紅運泰斗(E309),100
先兵(E115),99
大道至簡(E180),90
健康就好(E159),100
皇者驕傲(E351),95
創建群英(D464),93
肥仔叻叻(E354),100
勇創派對(E368),106
怪獸奇兵(E369),100
佳力寶(E068),97
育成精彩(E359),102
伊貝(E372),96
星際精英(D281),100
插班生(E032),92
威榮(E333),95
幸運有您(E356),108
心之行(E380),98
精彩生活(E192),102
瑪神滿紛(E319),96
包裝長勝(E373),104
富存鉅星(E248),96
終極焦點(E265),99
包裝威王(E371),98
泉龍駒(E126),96
加州星球(E314),106
事在必行(E332),100
紅磚閃耀(E405),99
得價喇(E125),95
風火戰駒(D450),110
跑得好(E285),100
有斐將軍(D444),100
奇妙飛揚(E326),95
一定讚(E071),107
天空之城(E370),100
敬惑(D497),96
燈胆友(D095),105
中華盛景(E379),106
雪山飛狐(E408),105
龍騰飛翔(E360),106
獵狐者威(E296),100
睿智(E387),96
美麗滿滿(E355),104
天天得樂(E294),99
騰駿(E391),98
歡樂洋洋(E263),96
綠登(E409),92
好好心得(D433),98
勝利多多(E342),100
無可估計(E378),94
觔斗雲(E249),100
純金酒杯(E220),100
滿貫摯友(E394),97
時時順意(D480),100
奇妙之春(E293),97
無可限量(E419),104
帝豪之星(E399),97
叻紫荊(E358),96
多多歡笑(E362),104
精算其然(E307),99
赤狐(D326),100
安寶(E407),96
紅運閃耀(E278),101
飛天神駒(E412),96
喜蓮心星(E348),100
精益傳奇(E008),98
卓諾人生(E396),99
心連心(E200),97
美好世界(E315),100
天行健(E414),100
乘勝追擊(V369),94
金津輝煌(V400),111
醒目快駒(B107),65
黃埔之星(B146),57
金錢炮(T022),142
印印腳(A277),92
越跑越好(T140),155
百里名駒(C097),76
埼豐(A083),123
香江世億(A407),91
領闖者(A399),77
合作愉快(T392),90
銀城福星(V088),131
劍追聲(B445),49
四季旺(V410),144
薈力之城(B280),100
勝得威(A025),124
加州福星(A415),130
大四喜(A301),119
自由旺(A209),114
遨遊神駒(B168),79
探險家(C008),110
奔馳寶馬(V038),106
潮州小子(T412),96
華麗再現(V326),107
陽光大地(A130),117
天地僑福(C438),94
齊齊發(B356),90
紅旗福星(B417),82
一片光明(T268),149
劍斷浪(V142),101
勇闖者(A030),138
瑩之光(B080),97
原班人馬(C164),68
紅衣優駿(A039),131
極速前進(V390),120
追風者(B414),109
京京千里(V328),133
神威敖翔(V150),151
夢幻仙子(V222),109
美麗天驕(C274),80
威先生(T334),95
蒙古傳奇(B317),73
首飾大帝(V333),138
美麗動力(B149),88
共創歡樂(C210),94
大聚會(V293),82
洪荒駿駒(A031),113
樂無極(B277),86
蜜運(B341),83
聚歡笑(T282),86
砂漿邦(A097),56
至尊大師(A357),96
快樂實在(A152),125
陽光(A371),125
大眾精英(A416),93
事必獲利(T002),101
蒜頭爺爺(V039),108
麯院風荷(T112),109
艦長天下(B096),53
勁飛寶寶(A267),97
依斯堅(B028),105
薪勇(A340),106
威武風采(B379),86
財帥(B134),81
駿協精英(V207),91
勁嘉輝(T236),134
新獵狐者(B389),63
為您贏(B157),89
醉翁意(C016),102
奮鬥揚威(C354),78
話晒事(B239),73
心所欲(B017),90
笑春風(A011),86
心慷慨(V394),99
君悅灣(P421),145
協力神駒(B364),95
數糊勇士(B421),114
南莊瑞寶(B428),128
七寶(B314),103
鑽石達人(V341),92
真跑得(A220),104
首賞(C255),83
叫座力(B267),74
德勝門(C375),93
安喜(V338),140
與你同行(C258),92
紅心傾(C145),94
鑽得勁(A391),142
加州神箭(A417),99
精算閃擊(B147),131
皇龍大將(T400),139
上簽(B021),111
赤兔寶駒(A115),86
真先生(S253),142
心多多(B264),101
活力名駒(B260),109
我𢥧意(C038),114
請跟我來(B440),125
酷比仔(A297),109
幸運時代(A045),112
黃山(C214),101
大運當頭(C139),75
綠色勁駒(V184),67
常拼常勝(V037),130
雷超(V414),117
天皇巨星(V367),93
做得好(A082),94
大地和平(S254),88
搶攻威威(B346),81
威震天(V119),84
祥光普照(A273),100
金童(V232),103
上旺財上(A285),82
龍騰馬躍(V202),91
小島怡情(T390),35
中華主將(B298),59
喜蓮彩星(A129),105
協勝神駒(B217),122
幸福分享(A409),123
文藝學家(V183),105
自由喜(B359),89
萬事欣(T129),167
精算八方(A221),148
酷比威(C382),86
阿凡達(V123),120
紅褲日(C272),101
猴王駒(A336),116
龍城勝將(B178),111
飛虎英雄(C119),76
興爾(B203),112
有備而來(A240),86
韻妙星(A363),137
放眼量(A140),110
同進(V315),124
索先生(T330),126
衝亞(C218),113
美夢成真(B269),104
公証揚鳴(V078),90
王者再現(V156),152
鴻圖機會(A284),90
龍騰摘星(A294),85
好腳頭(S131),129
放馬過來(V407),99
金剛仔(S146),90
喜悅明駒(A044),107
小奇妙(T298),101
萬里威揚(A055),102
同威(A223),88
易勝相吸(B275),65
南京之友(V140),81
利之喜(A405),116
金獅雷將(A325),75
朝五晚九(B330),97
良才(A100),125
大歡笑(C213),94
心曠神怡(C264),96
精進百樂(C177),104
陽明豐豐(B016),100
超級炮彈(C281),76
暴風俠(A123),117
贏馬神器(A075),118
兵貴神速(B299),108
金剛之星(A067),72
加州議長(A114),141
力奇先鋒(B057),124
精算風暴(B173),122
吉金寶(C298),98
路路通(B256),119
可愛寶(T029),129
東山再起(B367),91
陽明賞賞(B297),86
運來威力(B120),72
槍槍中(C092),98
承你所願(A178),142
七十七十(B191),108
繽紛駿驥(A292),94
旋風(C308),95
精英寶貝(B015),97
八心之友(A007),118
神速寶(A087),115
太陽多多(C171),83
中神通(C444),94
星叻(C257),104
電子大師(A254),116
陽明酷酷(C259),85
多紅利(A215),95
壯思飛(V110),98
美麗經典(C049),94
豐彩皇(V118),96
事勝意(T391),92
格男(C398),83
地大大(B352),112
關鍵時機(C159),133
連利之星(S093),144
縱橫四海(C142),95
馬索爾(B094),105
佳騰駒(B160),86
勇敢傳說(A260),100
邊個邊個(B412),83
非同凡響(B242),77
大將風勝(B419),80
競駿時代(V116),73
勝利新星(B133),75
肥仔(V071),119
出奇寶(B471),74
鑽飾神聖(A419),97
金碧輝煌(T076),85
菁年財駿(C435),105
愛添滿(B305),77
提款機(V093),81
團圓豐收(V409),64
育馬妙星(V197),121
育馬新星(C162),85
金匯昇(C010),111
加州銀晉(C042),84
劍追風(B261),111
光速之星(C478),95
問鼎高峰(A009),121
綠野先駒(C302),106
福威勝(B223),100
川河寶駒(T375),100
越感(T273),131
最驫(A022),124
彪形鐵漢(C012),84
又夠威(C467),89
衝關王(C378),86
勇冠多(V376),115
勝者(C315),97
美麗滿載(C003),133
小巨人(V342),108
港林福星(A307),91
鑽得旺(C144),92
威力琦(C155),82
精彩千里(C331),106
丹山玉(C020),90
翡翠福星(V020),97
當家精選(V388),131
龍船鼓響(T286),154
獎進(C283),121
威武再現(A308),115
快樂凱旋(B195),95
小威人(C217),109
快樂健康(C447),99
忠心美麗(B383),123
駿王(V423),37
豪霸(C204),84
漫畫(C182),82
忠心勇士(C336),120
春花秋月(C267),103
順勢寶(V310),130
開心神駒(T200),84
極速駿馬(B211),72
執到笑(B130),105
神乎其技(A174),92
萬霸駒(A186),125
頌賞(B007),73
醫生雄星(C335),75
幸運世界(C485),90
帶榮來(B197),140
英明神駒(V046),79
龍之星(B268),77
包裝才子(C069),101
威利熱流(T281),119
機智神駒(B289),114
鑽飛鷹(B309),109
志同道合(B287),109
勁皇子(V143),98
鋒仔(C282),72
不忘初心(B231),78
快樂魔王(A197),64
火百合(B050),131
龍城銳將(C055),87
馬友寶寶(C085),86
掌聲鼓勵(C518),100
大運舞台(T256),146
好醒神(C175),71
寶冠多(C156),78
快樂森林(C347),92
其樂無窮(S147),85
皆旺財(C278),101
四千金(V362),88
勇勝神駒(B235),69
勁好玩(A408),71
橋津精彩(C468),77
合拍威龍(B099),107
勝利仔(S355),140
軍民歡(B208),95
財富超影(C392),99
真趣(C286),100
上海大師(A337),76
好得威(B290),125
豪情勇駿(C508),85
分到笑(C078),69
好運齊來(B124),76
逐夢時代(C408),102
至叻仔(D013),92
金銀城(C279),85
活力飛彈(B322),107
大雁塔(C090),86
快利(A006),106
金湶德(A427),74
陸寶(B153),106
常感恩(B312),124
新強勇駿(B065),111
大風暴(B055),127
智力寶(B311),155
綠駿精英(B448),67
盛唐文心(C390),86
非常堅(T146),54
好利錢(A332),106
旋風腿(B002),129
友享友賞(A142),108
盡開顏(A317),128
家有喜事(C116),63
明月光(T369),143
水火風(C211),84
大眾勁駒(B074),102
宜春之星(C026),99
福嘉旺旺(B302),77
機智之星(D021),101
巴基之星(V325),127
信心保證(B105),80
天下為攻(A257),121
叫關健康(A064),127
型酒杯(A160),83
友瑩利(C310),86
友瑩囍(B249),135
美麗標緻(C057),105
智愛(A010),130
鷹雄(A093),119
歡樂之光(B236),111
安騏(B109),120
慈愛恩典(C296),79
奔雷(B328),103
再享耆成(B227),117
葵涌老友(A012),112
吉利馬王(V305),99
大灣駒(C018),73
新威龍(V412),85
多多(C109),137
守正用奇(C196),92
勁有波幅(V081),114
盈豐飛駒(B205),82
綠色高山(C448),97
月追越風(A398),75
競駿驕陽(B442),93
慣勝尊重(C129),91
紅旗星將(A049),124
旅遊首席(T098),106
喜勁驥(C006),108
齊勝利(C342),89
加州多寶(C077),100
騷哥利(C430),61
又夠醒(C305),89
聖靈之都(D801),99
機臣(D041),92
傲風雲(A344),86
運才(A251),105
必有利(C410),99
無敵威龍(B443),81
玩到贏(B468),70
耀彩繽紛(C452),96
追風絕影(D083),105
勝利紅星(D031),92
信念(C529),86
天氣先生(D058),90
埃塞紡(C209),92
棗棗幸運(A420),79
大步走(V336),98
志趣相投(A367),115
紅運戰士(B355),125
千金不換(D091),107
旺旺龍(C294),98
家家成功(D069),80
爭分奪秒(V397),177
翩翩(V344),143
紅衣醒神(V153),166
首映(A051),135
平湖之星(A262),118
電路二號(B387),100
好友益(T265),178
君子精神(V274),97
狂想派(C235),97
雲淡風輕(C040),80
錶之精靈(C184),82
添好運(T306),115
超凡動力(C434),87
十分酷(A328),97
合夥同心(C530),96
共同分享(C506),103
好運多贏(B257),126
城中霸(C101),80
皇仁先鋒(A381),100
幸運寶策(C246),89
金獅勁將(C202),93
玩得好(A383),110
高耀俊星(C516),83
江山駿駒(C207),90
晨曦巨星(D002),101
盈華盛甲(A179),114
好吉利(A418),118
旺紫丁(D817),104
迪雅卓(C811),104
及格大狀(D816),101
真我本色(D818),100
小頑皮(D815),100
亞朗親王(C817),98
御用畫匠(D819),97
望穿秋水(D814),96
額菲爾峰(D820),95
芳華正茂(D803),95
波斯劍客(C803),101
冠軍車手(D804),99
品德高尚(D805),98
巫師杖(D811),102
伊迪莎(D812),100
錶之寶寶(B303),99
太平風(D004),98
包裝貴族(C488),100
閃耀人生(C346),87
電路五號(C484),96
美妙星(A202),125
歡樂家庭(B397),68
加州大帝(D131),103
齊齊上(B037),72
長友之星(B251),87
誰與爭鋒(D054),101
銀亮福將(B418),74
雷霆導彈(A281),92
雷電寶(B259),118
活力財星(C348),93
孖寶兄弟(D127),91
運財高明(C499),99
精選直前(V329),90
韋先生(C543),94
駿飛揚(D109),88
萬象更新(C459),89
閃耀鑽皇(S347),146
招財貓(C503),95
得獎者(D171),84
寶都(C072),100
運時來(D170),87
滿地可(B338),97
皇圖(C123),84
滿貫動力(D045),85
贏歌(A334),74
勇敢神駒(C066),94
廣陵王(C148),120
普仁(D006),105
贏得精綵(C114),82
鎮山寶(C141),96
非凡品味(B420),131
皮具傳奇(C542),90
踏雪飛翔(D094),96
一定搏(C497),94
得先生(C032),96
美麗歡欣(D130),104
哈囉嗲哋(C464),101
真益善(D268),88
飛龍降臨(D182),92
熱鬥車神(D152),104
酷比爸(D212),87
天天向上(D261),106
開心計劃(C189),87
歡樂神駒(B103),108
包裝喜悅(D057),85
快暢的(C316),85
雷電勇士(D178),106
更跑得(C400),90
友好日子(C054),92
旅遊智者(V121),69
摯友鬥心(D089),96
揚名聲(C395),103
財神再到(D030),96
牽旺羣星(D062),96
燦若明霞(B474),87
百勝愛駒(D254),91
卡比獸(C349),95
相見歡(D215),98
馬不停蹄(D183),92
新強精英(D034),98
玩斗福星(B462),97
高尚精神(D184),98
和諧小子(V012),80
威力名駒(C317),89
皇者芯聲(D333),100
有你同行(D253),96
寶盈快車(C126),95
同歡樂(B084),117
大把獎金(D117),95
歐洲福星(C428),101
和諧神駒(D319),101
跑出輝煌(C330),96
佳運到(D221),96
鴻圖明星(D275),98
勝利寶石(P310),118
龍串鳳(B116),107
快樂旅遊(B374),109
五陵霸(A311),99
凱旋星光(T224),118
日東昇(V302),92
人間尋夢(V258),79
有衝勁(T220),111
軍歌(T103),115
真好彩(V068),126
發盈喜(T005),110
海明珠(B142),85
勝在煌(S425),97
哥哥仔(V074),72
帝聖寶貝(A059),90
料事如神(A191),78
優秀寶(B059),63
和諧繁榮(B233),67
愛飛一號(B058),82
人和家富(T210),118
歐洲巨星(V313),107
銀照收(B344),89
喜得福(T421),84
龍城勁將(A271),113
麥芽糖(A231),82
快樂寶貝(V019),109
靚加加(V323),107
醒蹄飛(T396),104
彩福(T371),98
將才(V125),109
綠勇士(V126),114
飛星凱旋(T352),140
極有利(B284),88
一定賺(V398),118
按得澄(V266),141
多多醒(B306),95
英勇大師(S212),152
世界紀錄(V040),152
孟買之星(A338),85
加州再豫(T406),141
喜裝寶(B088),96
越影(T374),128
勁精神(V181),85
獅子驄(V290),85
飛壹般(T280),95
荷蘭風車(T288),82
盛勢東方(V295),71
教主(A063),91
金禧足球(A085),87
心中有善(V164),90
魅力之子(T373),86
踏雪名駒(S409),100
競駿千里(T378),81
生力軍(A384),93
寶驫有盈(A348),88
金飯碗(T289),118
有情風(N139),124
勝將臨門(V271),77
傲歡騰(B174),81
海之濤(N317),90
要風得鋒(P063),137
老友記(T313),68
珍珠寶(B117),94
紫雲星(A351),88
勁飛勁(V014),89
旅英公爵(T345),131
板板有(B255),76
怡德(T055),121
華美之寶(S247),101
旺舖大師(B106),103
幻影飛鷹(A128),126
暴風小子(B091),69
琴心星(B218),102
快樂神駒(T416),102
鋒芒畢露(V131),111
閃電王(V013),86
快樂生活(V134),102
金龍神駒(A396),89
開心駿馬(V008),94
萬事醒(A204),95
小米周(T355),102
醉多福(A372),114
喜進(A188),107
亞馬寶寶(V057),103
勇霸神駒(T403),122
財高八斗(A079),143
華美之友(T309),106
再石磨藍(S323),152
盈利駿馬(S191),111
永常喜(V107),96
好叻仔(V102),139
辣辣椒(V026),133
東方孖寶(T267),72
七星拱照(B121),75
多多勁驥(S385),119
隨心如意(A370),66
心思熟慮(V086),97
醒目名駒(S393),132
包裝騎士(T230),123
馬上發財(T118),111
嘉應之友(T370),128
福將(B159),79
喜歡笑(B165),89
好有米(A195),71
漸信名駒(T253),92
大地威龍(A233),66
勇晉神駒(T233),66
最佳禮物(A069),74
歡悅星(S277),93
紅駿之星(V334),113
鑽石巨匠(S397),135
霸氣(S204),74
共創更好(V381),88
寶正寶(S388),140
總統至上(S420),106
瑩然英峻(T388),80
無限欣賞(V072),80
投資旺(A424),69
上市動力(B170),118
仁愛之星(T389),96
雲信凡高(A074),100
鐵胆王(T419),84
裕豐泰(B056),112
六十六十(B144),102
愛樂寶(A150),105
黑馬王子(B209),67
幸運神駒(V179),97
富貴榮華(P324),99
糖黐豆(S205),137
好性格(V060),79
馬奇財(B151),91
旅英駿爵(T080),110
巴基小子(S442),124
金碧旺旺(T183),106
加州精英(A413),80
招多福(T232),94
睡眠大學(A362),93
喝采(A023),91
中華壹號(T207),123
帝勝之星(A145),138
快速之星(B342),82
好利運來(B232),118
自由飛翔(T292),104
紫電明珠(P256),157
川河領駒(V416),106
夢想飛翔(A392),97
騰煌(S447),130
積極皇(A124),101
上浦猛將(P429),126
電子群英(T010),132
志友運(V347),125
育成寶貝(T427),120
大英雄(V278),74
八十八十(B008),113
開心歡星(A171),127
星運判官(A147),103
幸運興隆(V076),118
紅運爵士(A196),100
金得彩(B386),88
威信(A253),116
有利高(A412),84
飛馬再威(T338),115
真好意(A386),66
大龍騰(T381),68
大收成(T073),116
駕迅(T063),129
帝豪寶貝(T138),132
福穎(A001),98
好友營(A369),81
萬馬歡騰(A229),87
金碧光芒(T431),85
滿載而來(V182),90
大掌櫃(B158),87
真好漢(T213),129
火箭駒(A214),76
鑽飾飛龍(V002),112
電玩皇者(B207),100
最新鮮(T190),128
財寶家駒(V101),150
福愛寶(T062),110
喜勇駒(B304),95
比卡超(S298),146
人民武士(T305),114
創意寶(S185),106
確威龍(P190),81
開心再現(A216),68
首驫(B022),71
京城佳寶(A390),81
大天龍(T339),55
奇妙星光(V408),81
佳運喜(A237),65
皇牌(T199),93
勁勇威龍(S078),123
區域快車(B136),83
摯友無敵(S279),104
春盈(V157),107
添法寶(A236),52
順其自然(T178),102
得其康(V260),91
觀自在(S015),129
友情人(A163),102
友風子雨(B214),96
超好玩(T024),99
蓋世之寶(V306),112
航天勇將(V010),86
浪漫鐵人(B368),103
金像傳奇(B278),95
飛躍寶駒(B075),80
南莊寶寶(B323),86
肇慶威威(S379),72
玩得喜(A239),78
好客本色(A261),108
勁力歡騰(B215),86
花月良宵(B202),89
正氣凜然(B245),73
環保動力(A095),119
佳知武仕(B219),113
大運起(A109),91
勝利導航(A024),124
新力風(T235),122
平海福星(A375),125
美麗大師(S411),165
五十五十(A287),130
澳斯卡(T251),112
達羅素(V246),130
僥倖(T382),133
明昇(A318),90
飛雲寶(V392),67
連利進寶(T181),100
君子承諾(V042),109
神州威龍(B175),103
喜菜(T284),101
指揮官(V348),91
全勝姿態(V011),129
勁哥兒(A134),103
海利多(V188),114
話得事(A162),114
建輝(V363),66
雄得(A105),64
火箭活力(A322),61
搖錢樹(P272),116
大把子彈(B172),72
鑽之友(S376),120
貨如輪轉(A286),103
電訊兄弟(B243),93
開心有你(T402),123
運財童子(A008),165
金剛(B431),82
仗義執言(A014),73
大笑大少(P297),82
天賦致寶(S417),94
紅海威(A120),82
勝利專家(A110),134
威力名城(A139),97
西域猴王(A131),70
陽明螢螢(B296),80
加加友福(B063),79
威勢之寶(P425),119
怪獸剋星(B113),92
大美人(V411),81
精壯神駿(S414),90
必定掂(A107),92
星日名駒(B082),108
曾幾何時(V154),97
勝利歡星(V358),100
飛越峰(V296),123
咪走寶(A017),118
海南之星(B438),105
勁得威(B458),90
錢途再現(A046),85
笑傲非凡(A144),101
星光大師(T405),118
飛霞(S367),159
馬到成功(B066),120
好力煌(T082),122
威威歡星(A358),64
冰糖葫蘆(A244),108
動力爆發(B240),102
頌友(N360),139
估惑(A248),130
美麗鉅星(T411),127
彪形猛漢(A102),130
你知我意(A052),103
統治者(B247),92
多財多福(A360),98
本事(A272),94
愛心寶貝(A380),74
有獎(A173),101
狀元才(V016),112
美好時光(A374),83
金太陽(V187),99
藍天兵馬(A389),102
哈蝦巴爸(A002),119
歡樂盈盈(T315),86
旺財生暉(S418),110
紅運發財(A228),124
美麗寶寶(V316),144
明月千里(V083),141
創世紀(A119),100
歐洲之星(T336),91
旅遊大使(T113),87
實在威(S407),123
珍珠旺(S138),136
勇駒(S260),105
好準確(V215),90
德天下(B062),83
永旺喜喜(A347),109
魅力星星(B199),110
真漢子(B053),62
香港飛輪(B140),87
徽煌(B020),80
光芒再現(T358),117
精益大使(A250),75
包裝征神(B320),94
夏日通道(B273),93
劍二十(A330),86
樂也悠悠(A151),80
慣勝共贏(A154),87
太陽旺旺(V254),91
超厲害(B039),91
架勢(A222),111
精益求精(B040),130
華美公主(B423),110
勇者無懼(C014),93
利之湖(B193),88
龍之團(B439),75
飛騰之星(B324),94
海洋王(A013),88
盈多福(B375),95
駿驫(V319),87
鑲黃旗(A312),73
迢迢千里(A329),89
大雄圖(A112),117
常豐裕(A266),127
敬無極(V117),90
將令(B212),89
勁到爆(A421),95
擁抱所愛(B308),109
惺惜犬馬(B301),93
廣才(B237),104
以奇用兵(A429),137
魅力知友(A136),122
藍天堡馬(T186),68
青年軍(B042),91
威勝哥(A269),91
真一哥(B382),75
喜歡盈(A276),98
勇冠王(T028),114
中華盛世(A194),118
好快樂(A365),81
太聰明(A366),106
皇帝詔令(B061),85
幸運骰(B041),73
魅力知寶(V324),125
戥您開心(A255),50
賞面(S324),84
幸運健康(B177),84
海龍(B036),74
開心兄弟(B408),85
歡樂從心(C083),92
戈寶(A101),84
永高(T202),104
勁揪(B111),95
雍容白荷(C818),107
伊士華(B825),103
樹林之靈(C812),101
演奏家(C821),100
怒江(C814),100
火星花(C819),99
研究大學(C820),98
紅翠(C816),96
玄舞幻步(C815),95
林家遊輪(C802),100
鐵杵成針(B829),100
舞蹈狂(C801),97
百獸王(C118),99
強擊(C809),104
魔族雅谷(C805),100
我作主(C808),100
小刀鋸木(C806),98
衝破難關(C804),97
律師公會(C807),95
白日彗星(C810),100
極地風暴(A630),98
善得福(T622),102
怪獸家長(V214),131
天賜旺(B321),96
好慷慨(V402),72
海天一色(B291),96
滿貫先鋒(V195),73
欖球鑽石(S432),96
非常醒(C002),91
笑逐顏開(A099),68
幸運美金(A021),91
相中好友(B476),91
雄武精神(A303),87
開創傳奇(C128),95
錶之霸(A319),100
超級英雄(B270),76
鴻圖福星(C190),111
威水武士(B313),84
喜得威(C100),98
勇勢(B434),92
靚跑得(A213),70
錶之太陽(B307),112
旅遊皇者(A316),114
捉金喜(B459),85
海翡翠(V307),100
平天凡(C194),103
耳後生風(C086),99
威駿(C105),93
新力必(C263),102
心興德仁(B009),95
喜駿生輝(B125),95
極速神驅(C009),97
宜春之福(C070),96
寶賢駒(C115),102
皇者勝利(V405),126
皇仁傳奇(C169),81
一定中(C306),89
盈進(V283),76
翼羽龍駒(C176),95
更好世界(C237),115
新動感(C033),89
堅飛飛(B186),96
追風追月(V355),119
仁者富足(C320),84
駿馬輝煌(C053),99
美妙日(C108),97
聖雅勒徑(C822),101
純美化身(C825),100
永多華(C824),98
安素兒子(C823),97
遠近馳名(C828),95
孖寶飛龍(C380),97
加州金礦(C076),102
威風霸皇(V055),120
大力(C178),96
珍珠勁旺(C829),102
阿方索(V627),102
金槍皇(C831),97
靠譜少爺(B831),90
柏雪寶貝(C830),95
家家發(C200),91
不可說(B081),106
領航寶寶(C087),102
耀目良駒(B465),95
估我唔到(C147),98
合夥人(C157),96
笑臉迎人(C832),98
包裝時代(C276),95
自由奔放(B310),98
追日(C074),99
連利(C104),100
東來神駒(C371),100
美麗寶駒(C221),96
嬴風雲(V321),136
神寳金剛(V027),109
當旺財(V259),84
名馬(M273),113
樂家將(S202),107
好富有(A026),83
五星特工(V001),118
星二快勝(V320),81
哈哈笑(T071),92
鐵男(V264),100
快樂火龍(V108),105
天才(S217),122
雄心速龍(V265),105
機緣再現(T376),109
蓮花巨星(T145),130
八心之煌(S098),165
確威風(A094),80
超正(A341),96
世澤之星(V128),134
鴻圖飛星(V052),115
美麗千里(A400),96
勝利名星(T426),105
帶盈來(T018),111
奮鬥雄心(T184),136
健康歡笑(S358),137
辣得寶(T393),91
萬里雄風(A106),89
天狼星(P269),109
勁豐裕(T105),112
康樂神駒(T363),101
進綵(T187),61
豐盛人生(V346),66
萬馬飛騰(T311),130
代代為王(V172),97
劍凌雲(T300),95
紅褲精神(S329),112
中華寶貝(S172),82
開心旅程(S299),95
歡欣拍檔(A089),80
地主群英(A295),69
一馬當先(S044),145
劍飛聲(S054),71
正氣(A403),91
靚先生(T335),110
獻惑(A146),109
金秋(P044),74
好益善(T302),130
金滿載(N236),115
魅力知心(T341),123
揮闖(P373),108
超強快駒(V105),107
友歡笑(S074),86
架勢堂(V309),82
陽明家家(A185),67
鼓浪飛星(S423),84
勁駿皇駒(S051),101
飛快叻(P330),31
歡樂農(A259),80
騏名燈(T031),115
超群心聲(A020),83
世界都市(S019),64
一支梅(V171),76
幸福一生(S382),75
精彩傳奇(B029),93
英姿茂盛(V200),99
真心意(S428),99
驍武(P097),121
軍勇戰神(V053),95
精靈勁駿(B176),81
銘記心中(T258),141
開心健康(T056),91
家多福(V185),92
金多多(S439),89
馬狀元(S378),28
鄉村輝煌(T011),126
有心人(T248),101
開心遊戲(V024),138
開心美麗(V375),79
金叻星(S113),93
隨時候命(T383),106
金鹿(P121),96
大道至公(T329),82
超凡夢想(S203),148
友瑩采(V213),108
三思飛駒(T142),102
越駿寶(T314),84
皇帝誥令(T274),107
精算博奕(T409),101
好彩波幅(A387),108
有禮(T359),100
喜躍時刻(B012),100
幸運星星(B018),95
皇仁大師(V099),118
祥勝駿駒(T331),124
綫路神駒(T324),153
鈦金剛(S332),129
上利多(T114),112
誰可拼(S110),107
喜旺寶(A113),130
宅大大(V094),114
必得勝(T050),101
駿風馳(B181),112
牛精叻仔(S221),146
軍必勝(V372),83
新力威(V176),84
泡泡達人(T346),97
非凡者(T089),86
一定勁(T435),81
有福氣(V389),58
聰明申報(S436),125
揚名浪人(A288),88
人強馬勁(P435),124
喜悅繽紛(V092),145
一哥(P361),157
駿明珍寶(V229),133
安荃(S437),127
勢必跑(T094),128
閃耀駿駒(V127),117
運來寶寶(V017),136
陀飛輪(T051),99
金獅叻將(T151),133
紅運精彩(T417),128
保羅威威(T027),131
包勝(S405),130
帶綵來(A382),96
東方快車(T192),139
辣得很(T234),133
財歡笑(S346),98
通勝(S246),68
頌義(S354),89
超自然(V063),72
龍城快勝(V311),36
我的禮物(V242),63
花月流星(T171),87
大印銀紙(T148),115
喜蓮獎星(V167),131
西方快車(A090),129
幸福指數(S143),144
威利大大(S199),93
維港福星(B196),96
猛闖(A116),114
跑出彩虹(T237),75
福之寶(T429),99
執子之手(P185),93
完美風暴(A205),75
勝利公爵(T136),84
幸運祝福(B122),89
勁優秀(S200),99
喜得龍(V009),104
貝奇利(A047),99
幸運大師(A200),82
智有心得(V354),101
天長地久(S100),80
妙感(V031),124
睡德福(T117),75
美麗之友(T415),94
銀豐神駒(S106),110
小龍兒(S264),114
飛龍駒(S156),131
乘勢好運(V151),136
誠信三寶(B166),96
活力小駒(S269),119
晚風(A072),92
天胆(V238),108
加州勇將(A117),98
善財到(V244),103
路路發(N186),151
天皇行者(A225),73
知道勝(S218),120
奔虹赤(V216),86
卓感(B127),97
駕悅(S241),158
安友(V291),97
鑽飾傳奇(S426),139
華恩庭(T179),141
多項領先(B093),99
翔惑(V223),128
駕喜(S244),103
和平開心(T091),141
武術冠軍(V301),87
一帆風順(T422),122
飛飛覺醒(B252),84
美麗福星(B171),86
豈等閒(S312),141
萬馬奔騰(S142),134
特獎(V189),66
凱旋號角(A268),93
平天下(T100),113
勁伶利(V377),100
電訊太神(A018),88
沙角威龍(S148),91
同得福(A339),127
再開心(T087),152
快樂世紀(T042),94
升力(N294),108
強中堅(N177),81
盈豐駿駒(S073),129
再創商機(V340),94
奇異晨曦(A077),88
特務飛龍(P388),81
有斐君子(B154),100
大富大貴(A280),98
又夠格(B228),97
響噹噹(A062),90
電訊超人(B038),98
智者(P309),136
自動波(A027),96
陽光假日(B198),106
魔幻神駿(V317),78
白玉凱旋(P070),95
朋友仔(S010),115
歷險家(V066),115
高時運(A138),79
運財之星(S127),87
幸運馬王(V420),77
慶趣(B262),93
雁田精英(B248),96
育成天下(V276),81
行善積福(S278),111
雄獅動力(A122),91
當家熊(A425),83
眾綵(A385),103
醫師福星(B194),97
至尊威龍(B098),95
有得威(S398),152
幸運如意(T211),155
蔚藍海角(B828),97
艾恩遺跡(B826),100
賽黃晶(B827),98
喜之星(S441),87
極速銀桂(V350),99
神舟小子(T163),129
經典帝國(T193),137
都靈明珠(P267),134
上浦將王(A084),76
悅悅友福(T323),57
時尚風格(V163),79
雄偉飛龍(B005),99
勁飛活力(B226),95
飛廉之子(S419),110
數字遊戲(B347),93
家樂駿駒(A246),107
好風頭(B054),90
一追再追(V384),87
勁威王(B832),98
滿貫福星(A623),96
勝利巨星(B833),95
勁威神童(B078),96
獵狐者(V221),114
大將風雲(N426),97
高山名駒(B293),98
洪荒之力(B126),92
化學能量(B819),99
繽紛紀錄(B206),91
時尚勁(B295),92
咪走雞(A184),89
開心無價(B241),90
美麗寶貝(A290),119
錶之星(V399),112
馬化龍(A034),78
馬兒好(B032),96
贏馬利諾(B327),98
繁榮富強(B276),100
日日笑(B131),99
飛馬王子(A378),96
好友勝(A264),92
紅衣爽快(B138),95
星心英雄(T226),75
閃耀飛輪(A104),98
阿姆利則(V122),92
神電金剛(P354),93
心有靈犀(P405),113
甜統(V089),125
馬飛龍(S121),79
龍城勇將(S206),131
家品皇者(A321),100
駿馬翹楚(T401),110
勝利之星(M148),62
笑眼光(S291),84
香江新星(T432),94
馬主精選(A335),77
心感(V421),91
電訊大炮(V144),114
凱旋之星(V308),86
櫻花戰士(V393),86
快樂海龍(A078),95
中游神箭(A169),61
美麗皇牌(V135),127
佳運星(A230),83
劍驚雲(A149),96
太陽喜喜(T242),161
安駒(A132),94
按得贏(V269),50
靚猴王(S280),126
綠茵風采(S422),120
好加加(P363),102
快趣的(S424),112
精彩時機(P293),125
紅旗飛將(T295),100
大爆發(T203),111
大寶庫(P088),78
多多囍(V032),66
歡喜(S047),92
關關雎(A198),84
勁兔皇(T157),96
炸魚薯條(T099),125
盈喜悅(S130),85
想贏就贏(T385),89
澤心星(S399),124
威力東(A352),80
綽綽有餘(T223),101
傾心星(V217),93
琪麟穎(T046),133
一道(T399),114
幸運年年(T293),107
傑飛(T124),98
電訊朝陽(A070),80
獎金勁(A242),93
七彩(V044),83
贏盡(V147),103
喜盈盈(T054),91
金威利(S087),109
善者(V205),95
精益旅程(S389),80
津津樂道(N248),107
實業風采(S023),177
駕善(S245),156
正藍旗(S070),121
菠蘿油(V015),61
美好家園(T347),96
喜愛自由(A004),97
香港之星(A019),84
勁有來頭(V386),83
超有利(P230),133
摩高一丈(V111),85
文藝復興(T197),99
軍勇戰略(V270),99
仁仁友福(P400),123
滿貫中環(V220),72
領先直前(S193),65
駿瑪(T340),96
財神(S216),94
魔連奴(T357),122
快馬奔馳(V413),93
勇創潮流(P099),98
騂龍(V212),102
常妙星(N432),140
慣勝聆聽(V288),106
金滙龍華(S242),111
心好事成(S162),98
幸福加數(V130),91
正是你(S349),55
森林之王(A298),93
百威特務(T423),73
皇龍大師(P128),100
金武士(T418),77
有得勁(V418),88
和諧氣氛(S326),121
歌神(A003),94
秘密武器(V248),111
新疆紡(V035),119
愛美麗(V025),91
有智者(P268),106
欣喜欣喜(V247),55
極品(V165),88
雪山神鷹(A289),79
領航大師(T160),63
好健康(P158),150
金巴裡好(P205),70
齊齊健康(S320),108
御風雲(V231),101
由心出色(A182),84
妙力之城(A210),100
由心出發(S133),104
數碼先鋒(V177),62
兄弟熊(V203),111
嘉福(V059),114
索勝(A376),100
原居盟友(A133),94
搵銀天皇(T201),86
情意相投(T364),99
慷慨寶(S096),124
勁風(T285),78
威德將軍(S286),88
洪福再來(A394),90
魚躍鳥歡(V361),99
傲行者(A111),73
飛來猛(S284),146
詠彩繽紛(S391),151
活力歡騰(S145),92
大情人(T109),96
可攻可守(V365),91
雄霸(V021),105
星光勇將(T325),107
手到拿來(P396),118
博利多(A212),83
發明小子(T379),96
金禧貴人(A283),101
榮進好蹄(A181),90
又襟又準(S301),100
青梅竹馬(A153),84
美麗威威(A159),97
錶之勁(A343),88
高山威龍(N265),112
跑馬仔(P105),84
賀馳(A015),87
銳闖(V349),60
綠野仙踪(S021),94
精彩樂韻(V048),94
家寶恩(A393),91
快靚正(A361),106
瀟洒兄弟(V022),89
同明相照(V312),97
明目張膽(S231),102
英明神勇(S266),118
川河主駒(V330),85
有智慧(V084),82
輕彈錢暢(A219),86
福妙(A155),88
心花怒放(P214),148
回憶(A227),82
鎏金驃(V050),109
紅太陽(V145),68
如意運來(A161),88
縱橫大地(T219),138
不可思議(A401),97
風火勁駒(V070),110
中游新星(V045),71
四小福(S283),86
永旺年年(T245),137
宇宙車神(V251),110
喜盈豐(T023),91
放閃(A404),98
中環武士(V267),100
光妙星(B051),96
一本萬利(V234),99
高地之舞(V623),113
攻心如焚(B816),103
東瀛羅勒(B822),102
大轟動(B821),100
來電管家(B823),100
丹山高迪(B820),98
王族統治(B818),97
唐吉快跑(B804),100
正確人選(B802),100
狂暴不羈(B803),97
每月一回(B805),96
福兆(A603),96
轟炸大戰(B809),101
電擊長矛(B807),99
神燈光照(V613),96
言出必行(B808),96
果占卷(B810),95
新寫實派(A609),105
醒目層次(A619),101
詩人之言(B812),100
妙聲傳城(B813),100
更凌駕(A616),99
戰爭政令(B814),98
多維小城(B811),97
金髮俏馬(B815),96
艾雪(B068),97
勇少爺(T397),96
技藝超人(A342),96
四季勁(T032),94
有緣好馬(S359),85
幸運坊(T004),77
自由哥(T123),77
好友心(T079),83
天外之天(L247),65
金銀花(P364),99
歡樂三笑(V162),75
銀影大亨(T161),59
齊齊歡欣(P420),63
紅牡丹(T014),68
神光輝耀(S313),88
我是高手(T261),76
太皇鷹(T144),82
大行情(P066),95
樂在其中(S062),70
課課快(P445),62
豪逸(S164),105
包裝奔馳(S386),134
崇山寶(N241),107
飛躍成功(P231),137
贏錢之道(S256),103
金沙鑽(T153),100
芙蓉之城(V049),84
香江永勝(T016),72
阿甘(T176),113
帝聖之寶(S342),101
超甜橙(V058),99
神聖火炬(P030),115
駿擊快車(T168),67
日出彩虹(V095),79
盈如奇貓(T238),86
旅遊多寶(T209),93
幸運明星(S392),83
奪目商人(N111),122
飛哥(N342),105
放下自在(T059),114
美麗皇者(T189),138
海嵐一號(N309),140
約瑟皇馬(V173),98
快無極(T116),118
馬跑得(V080),118
加州騰龍(V170),106
永同天下(S263),128
再出奇(T152),119
點解(P372),125
大將風速(S251),92
明多多(S305),103
智能(S124),77
嶺喜峯(V090),98
樂趣(S150),91
牛魔王(S176),59
卓逸星(T404),63
段段有(V043),108
金錢路(P021),123
聖驛善(N409),117
君子協定(S011),98
萬醒仔(S381),73
公証揚聖(P001),104
尚華盛甲(S007),76
原始寶石(S097),89
識飛(T413),80
野外桃源(N166),145
威旺財(S050),92
皇龍寶駒(P130),96
飛馬看花(T387),92
至尊飛星(M199),183
聖海(T257),61
百戰百勝(N423),76
榮達之寶(T221),75
星際武士(S104),133
好老友(P417),113
勝風(M401),130
帝聖神駒(N040),74
雲呢拿(P439),67
好運有利(S335),111
環保戰士(N193),97
好愉快(S276),90
威力川(V253),113
迫擊炮(V034),126
喜益善(P278),116
迎風飄揚(P238),136
正大光明(S128),134
旅遊仁義(S394),122
精算率然(P355),86
你同我定(S413),75
衝鋒友(T356),82
超旺(V085),94
講心長勝(P424),78
鴻圖戰士(P411),81
永得米(P260),89
合一(T420),68
烈風小子(S338),57
五雷火(T067),65
天寳(V064),65
珍珠有利(P085),131
喜利高(N348),76
駕歡(T088),99
勝途勇士(V224),92
好醒(T333),107
勝捷勝(N156),104
掌握時機(T019),68
吉利高(P046),99
獨具慧眼(T164),107
皇者拍檔(N394),104
現代財星(T081),119
發明達人(T395),95
包裝巨星(V230),103
踏雪無痕(P438),123
財政大臣(V227),70
相中有你(S300),59
幸運日(S014),139
豪勝(V297),89
勇士勁(T167),97
步步德(V136),100
金龍(S339),137
綫路財星(P357),86
神威福將(T064),102
健康真知(P219),58
藍天飛馬(T083),116
幸運儀(S195),94
田黃(T303),97
步步領先(T354),84
海紅寶(S238),117
金友寶(V180),98
喜喜寶(S125),100
隨心隨意(P031),110
聰敏不凡(S099),130
包裝鬥士(S109),137
軍火(S307),121
喜蓮巨星(S152),65
凱倫之寶(P358),132
贏男(P119),122
瑰麗傳奇(V132),97
新妙星(N384),78
醉必勝(P151),96
飛皇騰達(T297),95
彩利(N192),104
人生路(T034),68
好爽趣(P132),51
董事長(P407),45
福盃滿賞(P378),95
京城珍寶(P283),98
急急腳(T259),94
大眾良駒(P208),95
電子鳳凰(S343),133
合拍飛龍(T283),110
千真萬確(S328),78
超越時空(T239),76
野孩子(S028),111
奪冠(V087),108
駿馬威龍(T310),78
精算追擊(S370),104
喜多屋(S187),83
陽明囍囍(S022),93
及時取勝(S431),139
火麒麟(T052),115
金筷子(P120),100
翡翠紅星(T216),141
紅海灣(T159),89
幸運七星(V263),78
酣睡密碼(S275),132
跑寶貝跑(N033),97
十二門徒(P018),126
嘉應小子(P189),111
巨無霸(T170),89
赤龍駒(P229),102
駟寶(T108),97
匯聚力量(N252),97
肯利多(T053),90
永常勝(P415),58
馬來之珍(N416),105
辣得醒(N090),85
喜悅再來(T350),80
風采(P423),129
安闖(S306),112
光速銀桂(P422),120
樂有盈(V252),76
至尊駿爵(P344),68
紅運(V299),85
大寶藏(N436),120
愛寶(P287),103
卡加動力(S160),104
誠信寶駒(P111),135
花紅(T132),134
罕曾見(T095),77
永恆光輝(V141),84
多多快(P401),74
寶成駿星(T319),84
雄才(T343),75
勝利雄心(P032),133
天工駿駒(V036),86
但求上舖(S234),131
法國將軍(S408),59
馬上威威(T231),77
光輝之星(N387),102
電子福將(V262),90
乘風(T386),80
麟轉乾坤(P156),84
宸龍(V129),64
活力飛龍(T278),90
平步青雲(T096),80
齊歡笑(M339),154
友瑩勢(T351),98
永勝神駒(V199),101
高利多(S380),139
天合(P212),114
天時駿駒(P134),124
無敵飛龍(V166),112
得利多(T312),114
新添(P257),84
信是有緣(P145),101
信心出擊(N226),99
感恩(M350),137
魅力好漢(S215),85
元豐泰(M255),102
勇勝王(V201),99
八運(T205),69
凱明神駒(T195),103
舖舖旺(T196),106
勁趣(T188),115
雄心巨龍(S083),130
精氣神(V133),101
變出美麗(T342),135
四平八穩(T045),106
有關係(V067),76
綠茵福將(T332),81
福爾摩斯(N375),116
金像神話(P431),106
美麗出擊(V240),87
有醒(S352),129
幸運歡笑(S101),124
控制者(P366),115
傲飛星(S225),129
勝利日(V079),93
當代沙皇(S167),88
喜皇駒(V300),85
好易搵(N382),138
凝聚力(V208),101
美麗之星(S117),130
帝國之星(T068),89
綠色贏(S317),102
福勵(T092),102
鴻福滿滿(P106),97
天心星(S091),128
豐爾頓(T398),80
帝聖名駒(V282),97
喜威威(S032),108
金鎗俠(N330),107
幸運波(T130),78
幸運贏贏(V091),61
頂級大師(S351),58
得意繽紛(V146),122
勁飛裕(V159),72
開心拍檔(V160),75
將譽(V190),90
快寶駒(S240),102
大智大慧(V228),83
友瑩養(S102),79
雷神(T133),85
生菜(T290),69
夠酷(T337),92
勁開心(S066),132
海都巨星(T218),88
天同(V218),80
享耆成(M085),67
東韻威威(T060),77
佳景名駒(T166),73
萬眾期待(N284),108
必搏(V226),96
駿步蹄聲(S348),87
彩球(N405),80
勁飛駒(S350),66
光明恩(S368),56
星之勇士(T266),86
英才(S344),146
十分醒目(V056),65
活力寶(T009),160
嫡愛寶(V287),133
熱趣(V233),103
友瑩格(P069),140
鋼男(V194),95
威爾頓(P270),147
將男(P192),150
首飾太陽(T301),125
喜蓮歡星(T104),97
火紅人(P294),129
佳龍駒(V082),128
期惑(T198),101
喜寶天龍(S446),58
任飛馳(T086),80
勝利威(S303),77
勝一籌(V387),108
勇陶寶(V113),89
無敵劍俠(P168),92
至尊無上(V370),108
勁準(V097),95
包裝勝將(T110),76
捷捷勝(S438),96
好好勝(V383),96
駿將(T017),132
日威夜威(S362),125
包裝天才(V174),80
快樂明珠(T039),80
帶運伯樂(P075),99
尊兄(P436),120
準備就緒(S183),137
豐益善(T287),52
包裝寶馬(V104),90
正先生(V051),83
你知我心(P041),122
智勝明駒(T320),102
保證滿意(P286),97
主力艦(T368),122
南方快車(V391),95
順風順水(V292),92
好靚女(A038),95
華飛(V415),89
天地福星(P064),88
金磚五國(N443),130
軍事出擊(N175),160
步步友(P303),172
勝飛(P210),130
活潑飛揚(V061),71
好伙記(T154),76
綠草如欣(T074),95
左右逢源(N447),99
翱翔萬里(A096),88
時裝精英(S297),103
常旺財(T263),83
滿堂紅(T365),117
大把籌碼(S055),77
瑞士雄心(A042),92
里見皇冠(V632),101
以身犯難(A617),103
新紀錄(V617),106
奔勝力(A618),100
克丘亞(A621),100
巨橙(A615),98
銀色海浪(A614),97
記錄在案(A620),100
積多福(P195),126
大仁大勇(A601),99
反叛丹駒(A602),98
彎刀赤駿(A605),97
轟鳴(A606),96
純知覺(A607),95
標誌名駒(A608),101
巨獅嶺(A610),99
滿樂時(V605),113
朗日清天(V631),103
深不可測(A612),100
皇后寶戒(A613),99
榮進之光(V614),103
太容易(V106),97
勁利高(V318),90
哈哈其妙(S440),54
藍雪山(P062),122
數碼世界(T424),83
力闖(T291),116
赤兔(A029),90
奪寶王(V335),86
知多福(V327),109
勝將雄心(P414),98
小魔怪(V339),94
明月春風(V268),92
有得型(V352),96
首席(P108),113
珍珠港(V096),88
好彩利(S315),81
明月青天(A091),86
忠心義氣(S404),114
索咖啡(S258),133
貝連利(P359),107
超健康(A141),98
成竹在胸(A073),96
行運友(V155),66
英友重友(V198),86
大輝寶(A037),103
喜俊寶(S402),77
飛鶯(A056),101
至叻熊(S337),102
利必達(V209),84
精英快車(T344),82
競駿高飛(S435),93
何方人馬(V236),80
慈羽(V395),93
團結(V366),96
俊哥兒(V404),86
雅寳(P295),123
幸運神威(V284),92
善影(A048),85
兄弟勁(V403),96
興利多(A241),93
隨你鍾意(A076),96
金威孖寶(A611),100
得意寶寶(V628),98
幸運掌櫃(A622),97
精合金(A624),96
江河寶寶(A604),95
包裝奇兵(A158),94
栗馳駒(S295),79
誰不羨(V314),90
經典寶寶(V054),102
有品(V241),91
光明大地(T414),91
得德仔(A068),92
靠眼光(A211),110
友情永在(A033),100
超駿(V422),95
好好佳駒(A203),93
智勇威龍(A156),95
紅褲兵(A243),100
晧天甘霖(A199),96
破風者(V261),108
馬主至尊(A192),99
水源充足(A054),95
美國聯邦(A627),100
民間智慧(A628),98
醒目駿駒(A218),101
心意傳達(A631),99
嘻嘻哈哈(A232),83
錢照收(S319),121
豐利多(A263),93
品質高(V206),77
扶搖勁上(A274),96
劍無名(V256),111
威祥(N208),104
皇仁勁駒(L282),130
大地王者(L251),115
上浦勇將(P285),100
草原威龍(S201),82
明威(N213),67
隆鳳捌叁(S092),67
金在手(S157),80
富國強駒(N240),89
蜜圈(P308),113
熱刺小馬(N428),98
金紫荊(K123),100
紅旗福將(S444),97
連冠勇將(P434),89
秋月春風(S059),113
回鄉更好(N182),81
同個夢想(P191),148
勁勢(N297),145
輕彈錢笑(P087),145
追風駿足(N404),130
天久(L259),122
仁愛之友(M406),143
金瀛(P072),121
眼光獨到(T026),96
森林姿彩(P167),85
歡欣滿載(M152),66
神朗(P353),91
南華勇將(S290),116
赤驥(P237),107
旅遊大師(P163),70
開心得意(P241),59
上海先生(P263),69
爪黃飛電(P398),66
好好分(P443),89
偉寶之星(P177),104
尊皇速龍(N442),101
快快贏(N218),143
新界福星(N272),85
滙歡騰(T215),93
帝飛星(S302),82
會心微笑(N386),109
真慷慨(M193),155
超群名駒(M228),135
名駒(N234),100
金龍華(S159),97
故事(P316),90
文武仔(T128),57
有鬥志(T065),114
福毅(P446),130
精彩小子(T227),101
川河猛駒(P412),113
彪形勇漢(T003),98
王將(S165),84
邦之星(P200),114
錦繡河山(P053),145
伽楠(P213),121
勁新鮮(S076),116
風雲(M325),102
搶鏡(S114),74
大威風(P331),72
皇龍動力(S186),92
非同小可(S287),63
永神駒(P112),106
銀飛龍(M326),155
大勇士(S237),124
泰山(P299),77
佳同(L401),84
皇廷珈加(T066),88
加州金獎(P222),108
快樂聯盟(T317),90
盤滿鉢滿(S004),104
幸運新寶(P266),103
勝利精彩(S369),74
奄尖大少(K318),101
進攻足球(M061),108
領航精神(M366),76
行星(S046),98
多駿寶(T061),58
樂有贏(N027),141
爆炸糖(S415),110
星星的您(T260),83
悅欣賞(P371),109
常勝龍王(P078),119
杰歡騰(T214),101
活力小子(P397),52
龍騰虎震(N099),73
新速直前(T208),77
無敵勇者(S363),85
好好機會(M347),132
根深柢固(P428),128
威利飛越(S255),108
方程式(P183),132
國粹精華(N401),123
為食仔(S434),81
贏得(N299),125
帝國勇將(N012),95
甜城效應(P228),104
幾叻仔(P225),92
金珀龍華(S224),109
動畫大師(T111),86
大將風馳(P223),76
晨采(N146),103
兄弟醒(S035),91
得意財星(P227),96
各路英雄(T040),72
火龍寶(N331),82
天曉得(S364),82
一心一意(T035),71
星運武士(T328),64
金牌任務(S094),68
飛魚威威(T084),76
摯跑得(N115),78
虎威勇將(S395),61
駕翠(M227),79
紅白(S353),120
拼搏小子(P376),133
百事神駒(N188),82
勝利攻略(N143),120
龍城福將(S387),100
紅旋風(S189),59
千杯晴(T240),61
財寶密碼(S229),92
家品大王(P444),117
創基寶(S056),121
愛頑皮(S153),121
秒煞(T252),91
至善美(T175),89
飛躍之駒(M172),139
吉祥(N174),95
一定旺(P418),91
威威寶貝(P171),133
甘風(T307),62
和順超影(S282),96
貳寶(P345),131
萬事勇(P254),127
勝哥兒(P118),99
夢仙(M246),117
魚躍鳥飛(P346),106
曦世之寶(S449),131
牽動美麗(N209),119
總統之光(N267),97
博愛福星(M021),129
卡通飛飛(N014),95
友誼大使(N217),119
摯愛財星(N402),65
威百利(S243),83
淳綵(P402),104
時尚風華(M030),95
榮光大道(S181),96
紅衣前進(S445),105
好事必得(M384),141
按一按(L254),76
真霸龍(P441),73
優勝(P095),99
耀華盛甲(P279),96
跑贏大市(N254),82
龍之欣(N148),121
馬主光輝(L391),92
威駿寶(N275),97
創出商機(N134),137
至勝威龍(N316),91
自由式(N438),50
過關勇將(L342),105
智高星(N389),109
金領宙(S412),123
甜哥兒(S209),117
福到加加(T126),76
加州卓越(T101),84
定做領袖(S144),103
共創輝煌(S316),107
情投意合(S403),100
帝聖好好(P404),132
你好馬(S330),103
香港興旺(N253),111
紅駿(P264),154
王者無敵(T222),89
卓爾名駒(P169),128
齊飛(P082),114
香港發(M099),102
公平競技(N323),71
雷神寶(T246),112
風調雨順(P349),91
有意思(S038),82
領驫(T322),129
鼓浪花園(P247),97
自動導航(P198),106
萬能之功(S197),90
首領(S448),58
包裝精銳(T228),91
長勝勇將(S003),92
幸運才子(P131),58
寶貝王(P351),106
安嚮(T366),81
勁飛揚(M245),98
共創美夢(P375),127
好精神(P037),122
金獅福將(S223),103
北非諜影(P071),122
信眼光(P258),150
勢不可擋(T316),90
競技英雄(N157),113
喜星武士(T270),91
小林夜雨(N101),42
好球(L393),121
醒少少(M377),94
上進(T038),102
權杖神駒(T294),100
無敵猛將(P139),66
多多心得(P096),65
薑餅人(N307),117
飛龍在天(S384),84
醉中意(S340),111
火乘風(P282),99
四季星(P058),129
常開心(N427),85
星夢(S041),104
班加羅爾(T296),92
滿貫豐采(N392),131
日月光華(S214),71
有料小子(S273),81
安安良駒(P028),73
猛將神駒(T155),110
幸運戰略(P440),88
風雷(P239),93
育成群駒(P383),113
善喜(P343),93
全力(S356),81
好合意(S006),72
電訊太子(P017),103
團圓飛舞(M327),127
旅遊一哥(T212),92
彪形勁漢(S116),89
平民百勝(T217),109
無可奉告(T158),79
桂中鬥士(T271),83
好主意(N121),125
贏到爆(P281),96
得盛(N268),150
星爾頓(S194),97
慣勝福星(N300),108
大威力(S188),94
綫路明星(N220),75
勁福星(S375),93
威武福星(P173),89
大團圓(S421),73
追蹤(T135),94
勁飛翔(N419),83
一寶(N171),151
恩格斯(N187),106
喜寶駒(P180),131
兵威振(P248),107
精算突擊(S296),106
佳運寶(P193),89
金碧陽光(N434),130
花月春風(N195),132
多名利(N169),95
駿馬名駒(N376),149
醒目精伶(P103),135
金威勝(N070),112
八喜(N158),70
氣勢如虹(P178),123
真係奇(T191),96
木子年華(T174),95
仁心仁術(M332),102
翡翠寶寶(P052),94
人強馬壯(S086),82
正白旗(M154),81
紀利福星(T020),99
錶之勝(T106),126
首飾孖寶(M329),109
大把世界(M376),106
行政指令(S149),113
同友運(P350),105
四季(M057),72
碧科(P102),147
幸運合金(T299),91
舞林高手(S081),128
聰明才智(T127),104
幸運勝利(P146),125
驪龍(N263),92
獅鷲(P153),98
銀紫荊(T044),87
善勝(T225),105
龍華太旨(N412),113
牛精好友(N333),133
金獅快將(P117),105
春意溢然(P395),128
馬司令(T275),95
輕越直前(K212),116
大家熊(S321),102
大合照(S192),93
霹靂去馬(T182),73
彩耀滿堂(T206),80
勁感(P149),145
同個世界(N098),96
大勝利(S360),105
欖球大使(S314),82
甜蜜鑽石(S136),97
莫己若(K411),76
歡笑多多(N407),94
卓越財星(S252),82
魅力星(M063),108
一見鍾情(P067),93
軍功(N325),114
港林飛魚(V005),124
拖板王(T410),106
飛擒(T085),98
金桂飄香(N245),43
準依時(N142),71
廣友威龍(T077),73
自成一格(M391),97
超現實(S400),74
蓬萊仙子(K248),85
海南花梨(M378),104
格哥兒(N369),101
牛精仔(P008),119
威風猛將(P262),100
鷹之王(S058),86
果然醒(T069),93
經濟達人(P273),89
豁達瀟灑(N303),116
明星飛飛(T255),96
直震撼(T048),124
兵工闖(P184),117
奧蘇(T137),78
爪皇盛水(L363),91
福嘉皇(S169),106
萬事盛(P029),91
喜多盈(P246),111
大運財(P045),181
醒目波幅(P049),125
風花雪月(P174),109
燈胆大師(T139),111
無敵王者(N238),122
奪金(N024),120
香江福星(S262),113
超凡入聖(V006),91
澤心君子(T241),93
勇晉快駒(T250),96
瀟洒勁龍(N318),75
桃花心(P289),141
白玉至尊(T150),102
車神(S308),92
菁英神采(S325),88
安打(S108),83
帶寶來(P387),90
御皇鷹(P224),128
御綵(P416),79
龍華金馬(T172),100
智高囍(S372),79
獅子山(T264),98
神武軍(V004),89
森淼帝國(S336),72
幸運名駒(S248),102
旅遊大哥(S107),93
超順暢(S365),130
雄心勁龍(P242),100
快人一步(N295),80
年年盈(T229),91
齊大勝(P003),87
好靚仔(P080),145
勝算高(N047),128
珊瑚福星(T428),103
出奇制勝(T276),97
甜蜜蜜(P047),115
精算或然(S232),85
育成寶寶(S374),98
順時針(T384),98
精彩鬥士(T149),109
天笑(S013),137
卡達鷹(S122),69
馬明德(S433),94
從善如流(S239),94
錢程似錦(T177),90
飛翔星(M382),106
如虎添翼(N399),126
疾如風(T115),90
驛氣魄(V062),87
嫡愛(P305),137
如你所願(P176),129
富林特郡(T615),108
大利盈(V625),103
明朝盛世(V624),102
加官進爵(V620),100
天鷹翱翔(L623),97
原始森林(V619),97
蒙古週末(V603),101
覓奇島(V601),100
翠面棕駿(V602),100
真誠少女(T606),103
獨掌全權(N604),102
櫻花福音(V604),97
好好計(N011),116
凱旋生輝(T272),123
重大機密(V610),102
野田金駒(V609),100
引以為榮(T608),100
托摩亞(V607),98
宏觀說客(V606),97
紅運杜拜(V608),95
天涯歌女(V616),101
模範駒(T613),104
盧森堡港(V615),97
鷹揚晴空(V611),96
佳力印記(V612),95
華麗傳奇(T122),103
神奇小子(S177),103
寶成福星(S196),124
紅衣飛鷹(T318),99
太陽加加(T304),91
騠駿(T408),95
得全勝(P204),97
盧吉寶(V073),89
好人好事(V030),111
執到寶(S126),117
三和福將(S008),135
一定贏(N337),87
威威飛星(V075),92
熱爆男(P038),80
星運帝國(V175),93
威利加道(V193),101
威五(V103),93
戰利品(P255),141
叻陶寶(T121),105
心晴(P327),92
真如燕(P170),90
卡達星(V168),96
神州魅力(P450),121
華盛高飛(V196),114
彩耀全球(T025),82
神聖傳盛(V630),99
勝利旺(V629),96
來來來(S623),87
威龍(S357),92
添丁發財(P271),106
步大力雄(V033),96
木球永勝(S322),83
穿雲箭(P093),103
銀禧繽紛(V018),75
中國動力(M400),48
連利高星(T434),95
傲騰作(V633),99
浪漫昇華(V634),98
果惑(V178),98
享耆才(V098),94
尚多湖(V638),105
緩衝之計(T604),95
安全檢查(V636),100
小河彎彎(V635),96
獵鷹(V158),97
快球(V281),95
可人兒(V331),108
陽明先先(V294),96
雙龍出海(K019),132
無雙小子(CH173),116
穩佔先機(N359),83
瀟灑風采(P340),59
大埔福星(P081),65
勁加勁(L308),52
奇妙恩典(S090),86
小樓春風(N306),48
春天(P325),61
豐華盛甲(N410),71
好鍾意(P012),104
上海先鋒(L252),118
正能量(P011),71
好精伶(L133),133
運財福星(S031),103
飛天龍駒(M191),149
添多福(M036),109
加州金鑽(S233),88
添歡笑(M223),82
明智出擊(P379),73
威加威(P449),54
夢幻十一(N016),120
喜蓮標緻(M310),130
神舟十號(P391),115
風之子(K132),94
駿穎(P302),101
名列前茅(N433),130
步步威(P265),88
勝利大將(L396),119
駟馬難追(L158),126
振興中華(N100),136
誇惑(S226),88
大喜駿(S293),81
聰明波(P277),127
各適其適(N053),127
紅簿仔(P321),116
超綵(M149),139
首飾多寶(N379),132
狄奧圖(P116),116
美麗里程(P386),100
蜚聲國際(M335),114
新標誌(P065),113
馬瀚匹域(P122),80
繽繽紛紛(P199),106
足智多謀(M127),110
愛的呼喚(N288),130
安利多(S327),87
泡泡小子(P100),114
旅英駿駒(L236),113
熊英雄(M220),117
霸王神駒(N446),95
魅影蹄飛(N448),98
城中話題(M287),108
愛寶駒(N324),156
安琛(P249),109
好心思(N159),145
品學兼優(N441),122
川河首駒(N344),129
喜勝多(N140),133
經典皇牌(M163),87
辣手先鋒(M360),86
帶利來(P073),98
巴其利(M407),69
清新空氣(L206),64
鑽飾天使(M212),86
福駿寶(P216),97
喜遇知己(P244),55
年年好運(P347),81
危險威龍(P138),82
紅褲仔(N381),108
塑料盈(M399),116
天天精神(S222),79
精彩(K037),100
龍城動力(M066),77
巧龍(N264),99
紅運飛駒(P382),102
剋星(S140),70
齊喝采(K301),82
高山神駒(P126),86
幸運金龍(M087),117
生豪(L146),133
馬利多(P408),90
大家贏(P298),87
再創新高(P197),84
金獅猛將(K119),88
無敵(M374),97
御鋒(L078),119
羅馬神駒(P301),112
銳不可擋(M298),130
高耀之寶(N084),105
太陽戰士(N262),110
獵豹小子(L192),60
遊俠兒(P410),99
捲土重來(S045),97
凱歌動(S161),89
大將軍(M086),142
綻放美麗(N028),138
辣龍(S213),85
加有利(S123),73
福建精神(N397),74
財到寶(S115),87
沙池王子(S137),99
星運俊爵(L241),140
惜福(P157),101
萬醒駒(N138),137
龍捲風(S071),80
玖合壹(P393),78
藍色海灣(P307),102
敏歡騰(N092),126
電子福音(S026),92
天弓(P055),105
海豚(M071),97
愛蓮說(L155),111
手機皇(P084),111
飛龍(S018),91
皇仁威龍(N167),128
揚威香江(P427),73
招財快駒(P368),133
精彩生輝(K288),123
大將風雷(S198),93
海鑽石(N237),116
華麗登場(P369),116
連利多(P124),115
卡達聖(M207),102
乖乖寶貝(N322),119
勁酒王(P253),113
龜兔競跑(L428),92
閃耀小子(L379),100
奀皮仔(N346),113
喜勁駒(M393),107
光宗耀祖(N235),108
好勝煌(N128),62
美國先鋒(P074),93
鼓浪春風(L238),107
宇宙駿駒(M410),115
中國好(L258),111
利李之星(N219),46
的確好靚(M213),116
喜相逢(J265),122
電訊至尊(M328),104
大哥哥(P015),95
喜逸(N335),102
真寶馬(M414),95
大明珠(P374),69
神童(M080),100
軍駒(N291),119
時時攞彩(L088),77
常盈多(N013),97
好嘜(N189),80
勁綵(M315),138
百勝不厭(S132),110
鵬力洋洋(K231),82
勇敢福星(P016),125
芙蓉之寶(M386),120
太陽雄心(N216),72
利是來(P092),93
凱旋威(N060),84
軍號(P209),87
百年歡(P292),99
薄荷糖(M192),111
芙蓉之威(S084),95
威水(S228),105
一團威(K120),121
財神駕到(N054),124
萬眾之王(S220),83
財源來(L021),122
有綵(M319),109
競駿才子(N202),134
馬主明星(N044),98
你知我贏(M361),99
至尊(P432),70
盈威勇士(N282),113
劍無情(S155),87
駿馬得利(P322),82
濃想(S361),84
電光火石(P329),93
樂馳(N055),111
喜盈門(L352),78
多旺財(P315),96
爪皇豪火(L420),137
自我本色(N279),83
喜跑得(M126),93
環保之星(N179),127
電訊超星(L276),98
太陽海岸(M111),93
有運(S345),90
幸運先鋒(S174),61
綽力之城(N152),150
閃悅武士(S311),80
陽光普照(M131),97
旅遊名牌(N112),83
大衛精神(L013),85
勁友福(N296),84
開心凱旋(N130),102
東成西就(N196),97
喜樂洋洋(N061),120
無敵城堡(S053),103
勇進(N260),130
喜欣賞(M390),132
海洋活力(P240),97
旗幟鮮明(P104),114
加州萬里(L135),129
貝利奇(P014),133
旅遊狀元(S310),90
新活力(S265),98
比你高(N271),129
自然旺家(P437),98
皇帝諭令(N396),121
錶之寶(N421),83
威仔皇(M161),105
智勇福駿(M188),120
高嶺福星(S168),99
畫出傳奇(S072),108
南莊多寶(N250),111
福喜(J061),50
勁猴王(P175),86
太陽辰(P136),87
好笑容(K360),78
中山好友(S025),92
大家關心(S085),93
好精英(S005),63
金國龍華(S141),67
星航渡(S139),111
飛霹靂(N132),125
飲食之星(P161),92
愛歡笑(N069),117
千杯豪情(P115),109
圓融快馬(P426),77
赤壁武士(S207),99
洪福齊來(L070),72
奧妙繽紛(P140),96
興趣(P127),117
歡樂時光(N378),128
魅力知己(N356),109
履皇朝(M316),99
新寵(P280),82
豪氣初華(P181),80
金鎸龍華(M293),103
豹顯神駒(L140),103
奇勇(P148),116
舖舖順(P385),103
迎風起舞(L183),77
醉喜(N184),56
威利加數(N119),122
友運行(M058),105
新力鷹(P152),102
但求勝(M405),103
雄姿儷影(L408),96
掌金(N257),44
駕聖(P110),112
控惑(S075),93
好勁寶(N445),80
晴空萬里(N408),77
佳音(P079),121
威威具星(N233),84
勝任如意(T037),107
贏馬加鞭(S292),80
大豐收(S210),97
競駿雄心(S288),98
陽明揚揚(S088),100
極速(S190),96
高高加瑪(P164),104
一觸即發(S002),111
順頭順路(P433),92
同心(S383),88
雄心威龍(K399),140
安賞(N371),107
包裝博士(N120),110
信利多(S120),104
陽明星星(P166),129
劍十三(S416),90
酒知己(P304),84
天火(P135),69
四喜滿堂(N129),107
祥勝戰駒(P054),92
勇戰(S134),104
有盈加瑪(S267),101
勁少爺(S178),93
皇子(P381),104
心中有盈(S016),73
獎金王(P042),104
酒至尊(T049),89
緣來有你(T006),87
新星威(T058),99
花間明月(T012),97
童夢(L213),99
時來風送(M331),126
中環天下(T013),92
宅心仁厚(S257),57
飲食世界(P384),102
電訊波士(S410),88
叻先生(M065),104
講心豪情(P091),59
旺金旺銀(P430),77
精算加瑪(M217),92
大眾福星(S175),73
多個世界(S430),104
駿賢(S450),83
百利多(S373),97
陽光王子(M017),132
巴拉多(T601),93
哈娜目標(T602),96
靚橙(P035),80
香港神駒(N005),100
電子福星(N097),137
連戰連勝(L019),70
金刀銀鑽(N224),100
魔法豪情(S274),120
青春得意(M305),79
好友星威(M026),89
捨得(S270),97
伴你同行(S095),86
無敵龍(P367),68
過你頭(T119),97
超奇妙(T057),79
知心星(S443),96
星威威(S211),91
五星探戈(P448),92
綠豆爽(N076),131
機伶迷宮(T616),100
紅色禮物(N618),106
漫天飄雪(T620),100
恩波利(T617),100
教區會堂(T618),98
拜倫勳爵(P606),103
瑞草祥龍(T605),100
歌爾達(T607),95
共創美好(P215),144
大賽波士(P608),98
世界王牌(T612),101
精彩日子(M353),149
貿易風暴(T610),100
貓隊長(T609),97
快利佳(T603),100
阿基米德(T614),100
酷男(T125),111
勝利大路(T036),100
飛馬之威(L359),111
精靈大少(P328),83
駿多樂(S012),92
東方猛將(P048),76
城堡駿駒(S033),87
振奮仁心(S272),95
壹司令(T007),100
力爭上游(T162),94
好易搏(T102),84
金貴人(P275),83
好頭好美(S268),100
晴天(N116),88
再佔上風(S036),98
包裝美好(S249),93
康熙神駒(S333),93
多多精彩(T008),80
阿拉丁(S401),82
黃金宅男(P234),123
天時地利(S061),83
企業先鋒(S396),96
密碼之星(T041),88
星星星(T072),98
鷹之團(M011),101
驌龍(M143),136
回眸一笑(T043),93
神奇飛龍(M250),147
善自為謀(S331),97
神霸金剛(S049),83
友誼光輝(T180),95
奇才(T075),81
開心廚房(S341),91
火箭飛陽(S112),96
赤膽(N110),98
江山如畫(L136),143
大阿哥(T619),100
新品威(S620),99
福嘉旺(S621),95
易通錢(T611),95
瑞驥(S048),79
飛神(S170),97
加州戰神(T097),83
美麗飛翔(S182),81
小宇宙(N019),139
怡昌之星(P089),116
超霸龍(T279),105
幸運禮物(T165),95
帝國驕雄(T147),99
駿飛寶(T204),90
烈日當空(T621),98
刺刀(T247),111
新昇(T169),96
喜星寶(T143),96
心中有喜(T244),97
旗幟飄揚(T141),95
太陽驕子(P333),121
分秒勝(T001),95
兆豐泰(M396),75
金堡龍華(K226),59
華劍寶(J307),110
領得(N243),74
威風大班(P059),85
招財駿駒(M395),91
銳領群駒(N198),78
利圖(N261),73
大家好運(P010),75
真綵(P194),88
愛跑得(L141),100
傾力之城(K298),85
華美之星(M254),134
文武精神(L346),108
燈火輝煌(M388),84
大衛金剛(L001),107
給力(M272),80
快樂時光(P033),89
荃城歡欣(N239),75
加威力(N334),60
得掂(N361),97
勁霹靂(P348),89
齊歌唱(M322),117
奇無極(N035),119
財寶星(P060),118
開心歡笑(J145),119
美麗昇華(N310),121
銀子彈(N141),102
小母牛(N444),126
雪風神駒(N370),80
飛闖(L178),77
幸運雄威(M280),123
旺當家(L418),115
榮耀假日(P250),133
威威多星(L424),97
幸運聖(N244),130
進取(K406),118
豐衣足食(K319),141
包裝動力(P226),89
名采(N181),89
君子一言(K345),85
星光騎士(N398),118
好先生(K218),88
金獅威將(L093),86
摩法神采(L323),100
喜喜精神(N223),90
尚駿心(K311),124
嘉駿之威(N255),83
枕住贏(L357),82
普渡馗(L281),86
辣得喜(L067),104
寶德(L397),90
電訊特首(P025),71
喜萬家(J059),92
化工之昇(K002),48
動力網絡(L426),74
百威將領(N231),78
威水福星(L045),128
必勝精神(M404),71
金得意(L431),114
高明威威(L036),61
雪蹄靈驥(L153),74
奪目星光(M162),86
不老英雄(CH071),110
紅運福星(M074),110
寶正勁(M342),103
有膽識(M394),107
勁啲啲(M158),117
歷山傳奇(P019),99
歐洲駿馬(K091),111
蓮花盛放(M358),70
寶樹高盈(M230),92
站站名牌(M155),51
飛快無敵(L367),91
嶺峯(N276),109
咁都得(L343),127
喜發龍(N165),125
好香港(M314),126
優愈武士(P187),93
駿多贏(P013),76
超新鮮(N194),106
心中有程(J131),104
明珠一號(P334),85
衝線(N176),114
讚賞(L371),92
銘記心頭(M176),110
光輝出擊(K304),99
高風格(J111),88
靚到爆(J328),85
多多利(N212),120
可愛人生(L209),79
太奇妙(M284),87
君河(M128),84
心理學家(N390),112
開心陶寶(N145),100
明民天下(P026),96
駔驍駿驥(P313),95
首飾妙寶(N403),85
振動力(N204),92
故園情(N064),59
黃金褭蹄(L098),124
精嘜(M205),116
勁威小子(N075),69
驚雷(N045),143
新力飛(M119),106
蓋世子牙(K398),100
加利多(P326),80
帝聖駿駒(N078),126
拼勁(M267),73
吉利大師(M010),70
御將軍(K188),74
開心飲勝(N168),75
天賜駿駒(P006),94
愛眼光(P061),121
競駿風雲(P077),102
飛快威(L392),104
勝利就手(M056),116
福譽(M413),114
牛精大師(M198),113
包裝選擇(L372),71
雅雪(K175),97
魔法幻影(L187),98
續領風騷(M234),99
快樂無窮(M034),117
綠色寶(M302),127
順利得勝(M120),86
寶寶快車(N259),87
都靈一號(M060),119
天賜福星(L267),56
金豐麗水(P090),87
寶寶飛龍(P147),126
沙紙(M151),130
先鞭直前(M068),97
堅旺財(L223),140
卡加大師(K054),138
白鷺高飛(P023),87
喜蓮芳芬(N105),103
京城精英(L274),118
寶樹嘉盈(M263),85
大東海(K340),95
無敵駿駒(M054),120
常山之龍(N057),76
華麗堡(L333),113
威老虎(M365),79
仔仔女女(L253),105
多綵(M224),95
大旋風(K164),85
馬風雲(J142),95
業盛於和(M211),121
喜寶龍威(L290),110
八飛(K389),83
勝將(P218),81
好旺財(K275),82
川河型駒(P409),110
心甜意合(M202),123
金湶(N048),132
南陽望族(K359),106
安穩(M229),85
峰迴路轉(P317),90
馬得利(N345),103
旺綵(M226),113
真誠真意(N046),116
旋風魅力(L385),109
駿蹄飛(K307),113
陽明擁勇(P196),100
卓爾非凡(L095),112
非常精(M294),127
正斗(N400),97
香檳歲月(L024),114
火龍駒(L096),73
金津好(J137),89
科研精英(K292),60
快馬(S034),91
森淼獵鷹(K383),79
牛精威旺(M330),111
橫亨(L106),104
更捷勝(L033),101
回鄉精神(L171),108
新聞精英(P296),80
坪踪㨗影(S052),107
中游百載(P172),96
多益善(M095),98
大把在手(L220),113
魅力心(J160),82
滿佳勝仁(N347),70
神幻金剛(N326),81
喜運財星(L169),99
軍士(K346),116
必勝多(P291),100
健康精英(M256),109
皇誥(P276),84
馬龍王子(N413),108
路路好(M185),124
龍城飛將(N312),95
千軍萬馬(N066),129
逍遙駿將(S057),81
包裝高士(N353),87
威利旺旺(L099),76
怡勝(CH290),108
高友勁(L326),84
太陽好好(M189),122
活力飛駒(K373),82
甜將(L354),127
花月佳期(N089),115
讚惑(L216),115
事事為王(P125),125
軍事攻略(M097),113
喜競寶寶(M121),117
紅山茶(M141),122
得男(M096),114
非常好(L134),64
神聖金駒(N367),85
名人(K322),72
萬里驍(N058),99
呼風喚雨(J352),120
天下寶(J308),82
豐彩人生(K327),138
加州千金(P143),91
確威星(K364),90
曜豐泰(P211),82
順利昇(P342),105
軒轅勇將(L199),94
大熊貓(P162),72
孫子兵兵(P129),96
勁利多(P217),114
美的人生(M022),92
駕寶(J173),86
綠色威(N425),129
勝利星將(P332),111
金汯(P034),60
逸逸友福(L421),120
不老精英(L074),106
威威大少(N183),110
妙不可言(L394),106
新威星(N313),86
永順益(M261),102
駿威勝(P086),82
火燎腚(M137),107
共創良機(M338),82
威武飛駒(N151),94
旺家多寶(L094),84
寶成智星(K004),87
彪形好漢(L278),102
五小子(P252),96
日日發(M174),118
開心至愛(M341),112
歡欣星(L378),130
翡翠明星(M412),134
好威龍(N338),83
歡惑(N365),118
金鑾大殿(L129),120
里奧威利(N087),84
戶外名駒(L173),104
一言為定(L287),105
軍事機密(N383),99
綠色快駒(N052),127
開心駕到(M182),128
龍得風雲(K300),66
加州動力(N221),91
喜來仙子(N088),81
超勝多(N266),88
勁力(M134),98
健康藍莓(K222),104
粉紅奇兵(P360),88
金瑞(L195),104
香港至尊(M219),124
天賦傳奇(M201),118
耀嘉輝(P251),78
家樂飛(M102),106
大少爺(M299),105
龍東至尊(N215),74
壯烈雄心(P057),81
夢幻拍檔(P160),71
多勝熊(N302),95
好利佳(M297),113
紅衣精靈(N292),122
凱旋鷹(P323),95
羅馬勝(P318),80
軍刀(L110),97
魅力小子(M206),104
叫關快(K111),115
智多飛(L240),79
按得美麗(N001),97
福到威威(N113),86
創新高(K202),79
日日中(L324),77
生生發(L338),84
聚寶祥駒(N164),65
舖舖掂(P392),100
美猴王(L037),101
超皇鷹(M236),123
幸運勇士(M113),109
錢途有你(P284),89
白武士(P101),79
超群經典(P406),92
滿綵(M178),109
精英烈馬(P232),86
非洲之光(N030),93
百勝多金(N229),77
勇先生(M067),115
快樂一生(N062),81
閃耀之星(M244),105
火辣四驅(S067),93
俊飛象(N211),53
悅璐孖寶(J184),99
勁有盈(J090),106
八心之鑽(N102),65
勁飛駿(M117),99
溫暖先鋒(M318),91
旅遊世家(N351),95
雙月灣(N137),94
好金剛(S064),85
藍城戰馬(P245),95
威悅(P290),104
食得好(P261),103
鄉村活力(M252),82
事事如意(P399),95
人情世故(P335),88
表參道(S082),88
閃爍武士(N173),130
贏啲啲(K043),110
團隊精神(CH276),116
愛馬奔騰(P165),98
中環英雄(L207),86
馬來之珠(P203),82
皇龍戰駒(L260),81
紅旗勇將(M259),141
九天銀河(N380),78
亮亮的(N200),87
滿心歡笑(P311),96
波幅再現(S103),93
旅遊尖子(P243),102
踏浪而來(N270),81
新希望(M028),105
帶福來(P024),76
權駿精英(N420),83
神勇馬車(L242),114
威利猛男(N251),86
神州風采(N424),77
強風駿馬(N393),109
投資精英(P389),93
聖樂邦(L369),81
紅衣神仙(N274),132
飛馳大道(S118),95
事順達標(S001),95
愛得過(N301),83
天山(P004),66
至尊熊(N094),58
永得盈(N332),96
常跑得(S105),89
心滿意足(N388),79
日月暉華(L139),104
正紅旗(N327),100
紅衣巨龍(N417),112
如願以償(L235),105
朦朧美態(P624),104
多利得(N617),109
多產作家(S614),101
易奔勝(S618),100
飛鳥阿栗(S615),100
電光烈焰(P616),97
神山(P620),100
驚天動地(S613),98
蓮花仙子(S616),97
丹頂龍(P621),96
天文寶石(S617),95
龍王(P602),109
搖滾勁力(S601),99
時尚風采(CH014),110
捷威來(S602),95
月影雲霞(S606),100
勝萬金(S605),98
勁沙王(S604),97
林登(S603),96
天燈(S607),95
東京光環(S611),103
側目相看(S612),100
富麗堂皇(S609),100
力提高(S610),100
小米高(S608),99
愛將(P288),124
綠色醒(S009),99
有權有勢(P390),104
齊得戚(N037),102
中國天使(N015),112
帝豪駿駒(M291),112
家傳碧玉(M118),115
信心十足(N207),114
勝蹄飛(M300),90
當時得令(S151),90
聖氣凌雲(M359),53
頂駒(S135),95
木火通明(P336),100
得天獨厚(S158),115
飛影(P413),100
飲食拍檔(P341),93
富利多(P447),93
包裝好好(P403),100
有型士(P312),92
傳奇快車(K224),73
特務金剛(P114),91
路飛(N414),77
烈風天馬(M311),90
星將先鋒(S043),98
財運(M019),102
格鬥王(S119),81
確叻迅(K077),89
唯我至尊(S020),107
勝霸神駒(N004),81
風度翩翩(L279),75
友德揮(S180),95
勁贏創建(S077),77
較量(K084),98
加把勁(P380),97
精精彩彩(N227),78
健利多(S111),94
拍檔飛駒(S079),92
火辣神駒(N289),112
東江神駿(N391),85
千利多(S163),99
昇月(S171),89
聯一永勝(S622),100
安心居(S619),97
甜爆(P629),92
鐵胆龍(N172),117
南天駿駒(P159),90
羅馬兵(N372),89
勁卒過河(M357),114
最高手(P377),97
家家歡笑(S017),79
明興寶寶(M292),91
駿盈(J281),111
高之格(S030),96
矚目(S236),86
民族英雄(S625),102
神威啟示(S624),101
神聖衛士(S627),97
再自由(S626),96
卓爾翹楚(S068),94
繽紛會(S628),105
馬勝威(S629),100
欣喜之淚(S630),99
鑽石火采(P155),93
好利勝(S261),98
勝利日子(S042),99
叻得美麗(P188),97
聖火燎腚(P394),94
爪皇聖火(S259),98
齊勝(L042),93
上浦駿將(L020),127
地上最強(N093),69
心中有勁(K173),105
厲行星(L029),110
好玩神駒(L177),102
一夜成名(L380),84
劍臣(N025),65
振氣威龍(M415),68
印度光輝(K130),95
實業傳奇(L186),112
幻想家(L217),98
永勝多(J069),131
富高勝(K204),82
步步快(K210),85
魔幻大師(M013),121
勁飛寶(L389),81
闊袍大袖(L277),84
卡加精神(K287),113
金玉之光(M031),110
團隊福星(K105),107
天子駕六(K309),112
駿威煌(L433),128
清風駒(L204),103
大欣賞(M251),106
福到財星(K297),95
風火飛駒(M081),78
怡情養勝(M165),93
佑贏(N131),94
天佑八方(M313),99
明偉光輝(N154),108
大陣象(M181),73
幸運來(L118),129
創新潮(N136),100
超級精神(M387),139
靚酒王(N258),65
利錢伯爵(N006),101
金笸籮(N185),70
自由勝(L212),99
活力名寶(M124),89
大家勝利(M107),115
共同目標(M167),111
富逸(N304),94
勁信心(K376),94
好得意(L291),102
愜意小開(L256),112
高一線(L297),105
紅日(K026),91
轉戰香江(N308),108
喜惑(M214),126
靚好聲(K259),107
幸運紀錄(L429),115
滿貫之寶(L196),89
盈驥(J301),116
十項全能(L348),101
嘻哈大少(L208),97
時時有機(J152),92
奪錶(L160),104
快意(L271),92
金威王子(M235),75
勝在分秒(K205),107
南華世紀(N285),93
新薪(K016),74
錦衣衛(M370),100
橫掃千軍(L383),96
超勝(K020),101
新三刀王(L264),81
好好運(L230),114
玩具神話(J217),94
發達心聲(J134),102
壽比南山(K169),89
大將風騷(K001),78
雅趣(L413),88
龍船快(M144),105
飛騰(L286),94
精密紡(K377),104
神州八號(L087),84
明旺(M041),102
偉龍(K342),107
財駿福星(K315),92
瀟灑駿駒(N362),96
勝任有餘(K238),102
勝利福星(J243),122
先聲奪人(N320),101
常山鳳寶(J161),87
按得掂(N086),94
精靈勇駿(L266),105
好友福(K358),107
文武維揚(L320),95
多采多姿(M343),105
禮尚往來(M053),124
事事順意(M112),99
你好我好(K086),110
黃金年代(L295),104
一定快(K323),86
雪米糍(M090),114
松風(K150),84
志氣高昂(M285),88
錢程萬里(CH316),91
華利多(M210),95
天寶之威(J262),109
鐳射槍(L142),106
四季峯(L355),90
利士寶(N071),86
迅雷烈風(K402),95
乘風破浪(J260),97
大鷹勇(L347),71
乘奔御風(M038),99
揚威寶(M209),92
青出於藍(N210),96
髮中寶(N095),73
定做(L227),84
榮進蜜運(M243),90
樂融融(L283),111
兄弟齊心(J070),107
多多昇(CH043),106
聚豪精英(CH318),92
豪宅福星(N133),77
好玩先生(N191),72
締造美麗(K314),85
開心老友(L275),109
時來威龍(N127),99
活力至寶(L085),84
萬人迷(K256),112
超光越影(N079),134
連利福星(CH284),85
吾誰與歸(N063),110
戰士(K072),89
危險大軍(M276),93
名舵主(N017),120
綠色好(N123),134
歡呼星(K347),82
滿地寶(L407),96
康駿(L151),99
開心歡樂(K155),82
正歡騰(L172),100
叻叻財星(M279),80
金添好運(J320),99
安甲(N007),116
雪山神駒(CH302),100
帝豪名駒(K410),108
桂花飄香(L341),107
光芒四射(K149),98
恭喜發財(L157),117
得力助手(K325),81
銀桂飄香(N293),109
捉金(M383),124
電光能量(N180),86
海之宏(J132),107
名城(N161),106
白鹿勁(M160),92
好傢伙(N107),75
威威加瑪(L332),117
漸信良駒(L016),106
有盈有利(L406),66
電訊新星(M084),98
勝利金剛(K274),100
天蓬戰駒(N073),83
森淼盛(CH204),68
成功年代(K276),71
勝利旋峰(K370),124
真利多(N122),83
鑽飾彩虹(L079),78
合利高(L244),102
長勝(K029),84
瀟洒靚龍(L018),98
快達小子(L201),95
森泉贏(M419),75
中華智者(N034),68
鈦合金(M239),78
傲闖(M241),94
寶中寶(N104),76
盈豐快駒(N051),102
大快人心(N083),106
旅遊小子(K101),111
飛魚君王(N341),100
勝利駿駒(M094),95
藍城堡馬(M257),104
金剛驃(K180),118
大蘋果(N355),67
中華寶寶(K296),100
翔龍(M173),120
賀喜(K215),114
齊哈哈(M381),96
綠茵神駒(M282),81
伽羅(L423),114
邦先生(M098),103
豐盛之星(L031),102
彩虹幻影(M055),114
速度快(M183),99
快馬當先(K017),118
福陞(L386),68
電訊高星(J346),80
一兵一卒(N366),100
金榜題名(L358),91
川河快駒(N230),92
全能足球(N222),96
朗天(L215),111
俊威威(L076),114
勇鋼(M156),74
紅衣叻叻(K388),106
尊勝福星(N096),103
皇帝法令(M266),112
珠光寶氣(M281),111
友瑩果(M308),111
實在好(J040),125
榮耀資德(L375),78
頭等艙(M008),74
蒜頭仔(N287),111
天富(M270),62
極霸戰道(N314),83
富貴金龍(L410),89
風火神駒(K104),96
利駿(L124),106
京城三寶(L116),131
官仔骨骨(N135),111
富吉利(M253),106
同感(M195),98
明海光輝(M020),75
特別熊(L322),96
太陽昇(K065),96
威騰駒(K087),89
勁高手(L289),114
福智(L399),109
沙貝利(K191),86
包裝之寶(N010),87
博利好(K044),110
英雄得勝(M170),91
金巴利來(K162),79
杯盃勝(M088),90
深智能業(L409),118
風莫停(N059),90
我的(N081),96
多豐裕(N311),120
叻叻仔(M238),99
紀利威威(M274),103
威猛(N178),113
勁賽王(M346),118
歌聲飛揚(N321),78
貝利高(J202),112
善寳(N021),136
幸運全勝(M403),89
奇葩(L145),102
鋼志(M197),111
時尚吉祥(M194),83
韻出真愛(M367),74
甜情蜜意(N029),96
綠茵飛(N349),83
新力多(M150),106
錢照贏(L023),88
精奇(M035),125
快人快語(L100),100
馬友財(M362),96
華倫天奴(M064),73
川河名駒(M248),60
突圍(N228),96
好好大哥(N280),95
山頂(M417),112
轟炸機(N225),114
滿地金(M233),93
奪綵奇兵(M025),93
好好(M130),91
快利多(L091),107
福到多多(K094),103
人人興旺(L250),103
開心指數(N162),135
玉峽生輝(CH331),116
天光明(M416),117
西域雄心(L071),99
危險巨星(N049),73
金滿貫(K403),123
日月霸王(M079),114
冰火(J272),109
好好大師(N077),89
稻庭烏冬(J278),85
城市之都(M304),108
奪魁(N118),81
傲男(N008),144
千杯不醉(K075),118
足球快綫(L376),90
良辰美景(M115),72
馬運來(M278),75
一言既出(L368),105
勁無極(M345),92
四貝勒(N201),72
金威神童(J263),79
快樂良友(N160),77
軍花(L222),98
安陶(N149),80
易搏贏(L048),101
步如飛(L028),102
千笑(K335),101
凱旋無敵(M101),105
恩典之心(M398),89
和諧大使(CH286),81
哇啦啦(N343),87
超光速(N109),98
包裝大哥(N278),98
齊齊歡心(N357),99
甜蜜一角(P005),93
勁贏晒(M014),103
陽明飛飛(L284),130
精彩遊戲(M356),105
夠辣(M408),84
聚好盈(J293),94
時尚歡樂(N411),93
小霸王(N319),68
駿馬精英(K145),102
美麗任務(N429),93
電訊戰駒(M187),82
幸運多寶(M231),89
快達飛駒(N041),96
田園名駒(L306),112
大進(K393),83
恒麗藍莓(N117),90
電子威龍(N269),95
大有作為(M418),125
如日方中(L161),103
飛都(P043),92
馬克思(N395),94
有心有力(L356),88
勁飛馳(K266),113
精明出擊(M363),88
五星酒店(M269),92
共創明天(N368),105
綠色勁(N406),97
甜橙(M289),119
很簡單(P601),98
小橋流水(L285),116
風雲武士(L313),108
好好境(N439),76
太陽奇妙(L034),96
財富之星(CH235),88
合駿騰飛(M200),78
四喜歡騰(N036),94
風力威猛(L272),70
甜蝦王(N422),86
育成王子(M392),119
加州活力(P036),86
太極至尊(L065),96
馬上得勝(N155),88
俏潘安(N009),90
鑽石瑪瑙(N022),97
新強勁(J087),112
成日攞彩(N435),86
碧玉釵(L432),123
榮進公主(N374),77
佳景良駒(M043),103
網絡電郵(K624),104
迂迴百轉(P619),103
百利駿驥(P625),100
雨中熱舞(P622),100
搖滾專輯(M628),99
寶卓龍(P623),97
鬥牛城(K639),96
碧海映月(P618),95
真機伶(N606),101
海娉婷(P605),99
瑞士名錶(P607),100
唐鮑思高(P609),99
狩獵專家(P610),98
馴優馬(P611),97
早發(P617),104
波普甜酒(P613),103
嘉登行宮(P612),100
巴黎市郊(P615),98
飛躍之旅(CH281),90
數糊傳奇(P050),100
一言九鼎(N315),90
幸運先生(N373),100
火熱動感(M105),97
尚合金龍(N329),75
龍的王朝(N002),86
福祿萬利(P022),71
金鼎之寶(N385),91
必祥勝(N377),91
奇兵(N283),105
鎸力龍(P002),80
天瞳(J337),105
十足十(L030),85
迅雷(N418),100
一於去馬(P076),91
琛綵(P123),94
阿哥精神(N124),117
按得叻(L402),101
替天行道(P182),106
智來勁(P144),97
榮華富貴(M631),100
力奇寶貝(P627),99
肯定贏(P626),98
好求真(N625),94
火箭神駒(N147),92
自由好(K005),118
安驥(P186),99
稻庭春暉(P051),97
全因有你(P150),107
喜悅心頭(N273),84
神采商人(N203),103
萬利多(P221),95
榮進閃耀(P630),103
詩詞歌賦(P631),102
瑰麗珍寶(P632),100
瑰寶灘(N627),97
開心樂韻(P235),103
女皇出巡(P306),92
潛修客(P635),99
獅子之王(P633),97
金煌(P020),95
龍船寶(P338),98
氣象一新(P201),95
代表作(P339),100
霸王小子(P206),97
輕輕鬆鬆(L049),92
鐘錶大師(P365),97
友力量(P202),95
紅蜻蜓(P107),96
金莊(K394),94
開心好多(K284),88
一般高(L064),92
好小子(K080),88
航天之星(L339),89
金勝福星(M016),81
民和國富(M133),79
愛拚者勝(CH280),110
雄心馬主(J106),111
歡樂寶寶(K396),104
放縱(J343),100
大地神駒(J250),103
福至心靈(K279),93
超力駒(K267),106
勁辣椒(K244),106
綠駿群英(J177),82
華獅(K324),92
好勇駿(L008),93
萬事佳(L168),89
電光能源(J339),94
善風(CH285),99
正榮(L435),86
好運得福(K397),96
好食德(M051),109
麗晶之星(J233),93
駿方(K230),107
好辣椒(J236),97
又贏晒(J170),87
氣定神閒(K387),99
信賴(CG183),120
實業英雄(L255),102
搖滾雄豐(K261),106
金鑛龍華(L412),100
傑出君子(K365),95
白蹄烏(L205),94
慶豐收(M001),95
醒目精英(L405),106
旺國手(CG180),100
寶貝王子(J341),92
延續美麗(L012),93
此時此刻(L211),103
明燈(L163),100
搏得分(M004),98
相見歡(K163),98
虎虎生輝(K184),87
駕世仔(L425),100
跑得叻(K121),98
海王子(J245),96
快意豐盈(M258),80
進勝福星(L203),104
金鑽龍華(J297),91
喜威寶(K070),112
自由萬歲(M037),106
披星戴月(L083),85
金大人(CG287),100
甜蜜至上(CG274),92
確有心得(K293),92
賞心(CH052),87
魅力影子(CH257),96
標青(CH130),102
確叻星(J039),97
神箭金剛(CH015),112
迅者(L063),89
我跑得(J031),79
期望(CH108),103
祥禎(L054),114
王者先鋒(M083),104
再來風(J310),93
仁愛精神(M048),94
友情友義(K295),86
金獅駿將(CG312),102
超晒班(L167),95
勁快(K166),98
龍船旺(CH150),102
熱錢(L060),110
紅跑車(J074),103
再來旺財(CH076),87
心路(J203),105
萬子千紅(K245),81
勁擊(J014),110
經典能量(J143),103
哈哈大少(CE050),96
大喜象(M247),82
競駿寶寶(L416),99
大雄風(M237),98
經典贏家(M123),81
創佳績(CD250),99
睡得好(K036),89
喜喜威龍(M225),97
自家威(K071),85
六六精英(K085),99
金獅名將(M100),115
幸福紅椒(K199),93
清風送爽(L138),104
一定爆(M135),95
麗晶豪情(K069),98
八佰匹(L349),104
朝東之星(J175),102
瀟洒良駒(L112),88
威陽(J073),81
創出傳奇(L061),81
一路奇兵(K278),96
風馳電掣(J037),102
易旺財(M232),99
馬到功成(L434),94
風動寶(K320),112
好歌(J157),96
東方駿馬(K290),110
至叻財星(M306),95
八發八中(K368),104
好通勝(L403),94
全德勝(CG109),87
宇宙良駒(CH118),97
多利皇(M009),123
馬主精英(J210),93
鎗臣(J305),94
龍勝(L325),96
音樂家(M089),91
暖在心頭(K272),85
浪漫添馬(K176),82
愛睦善(K023),82
得運歡笑(M129),94
成就美麗(L422),103
國寶(K362),101
勇敢小子(K391),91
加州滿意(K097),100
極品絲綢(K116),91
幸運精彩(L411),100
傳奇武士(M368),100
福勝滿載(K344),99
牛精巨星(L304),97
駔驍駿駒(L317),112
聖迪達(L115),94
肥仔糖(L335),93
時代明星(CE070),98
明達(M215),91
至尊飛飛(L185),92
點石成金(M265),111
盈嘉飛駒(K302),100
康樂名駒(J342),111
兵奇臨(K190),111
燈胆寶(CH048),93
康莊大道(L382),99
笑住勝(L365),96
勝利多(M175),111
精算拍檔(CH294),107
重量級(J019),113
喜寶寶(J257),94
野馬(K351),94
駿迎喜駒(L390),94
兄弟班(J138),86
智友(K247),79
俊鬥仕(M024),97
力高快車(M262),82
奧妙無窮(M301),93
開心(CH070),99
浦東之威(K395),98
好妙星(L229),100
砵砵車(M242),100
百利旺(CG212),114
御龍神駒(M042),94
追月(K013),97
國中之星(J226),93
朝東飛駒(K136),98
赤胆雄威(CH319),96
海力童(K066),95
安鞍(L300),103
永得勝(CH262),85
滙名燈(L040),104
三和之星(K117),96
鼓浪天風(CH297),100
歐洲動力(L188),92
駿馬飛騰(M146),105
創先機(J264),87
大紅人(CH016),94
馬皇帝(L035),115
勇蹄飛(CH288),93
馬精靈(L377),85
雙妙星(CG163),93
恒運財星(CH273),94
瀟洒大少(CH025),92
森林活泉(J047),98
愛心大使(CG309),87
尊皇騰龍(J268),82
勁闖駒(M222),118
奪寶(L092),87
心歡笑(K214),90
夢幻魔術(M012),113
雙辣(J221),105
雄獅寶貝(J114),100
電訊巨星(K386),81
喜綵(L041),84
智財(M005),80
私家路(K189),95
中國神農(L104),86
新領袖(K242),96
太平星(K197),118
幸運勁(K033),99
頭盤(K213),90
高分貝(J116),107
寶利多(J082),96
穿針引線(J282),70
正黃旗(L174),105
精英財星(J212),98
喜勁飛(K239),104
軍事行動(M077),108
聖法理(L002),96
芙蓉威龍(L046),111
自由港(M290),125
至勇飛龍(K268),80
正毅(K088),100
強駒(CE270),103
偉感(L025),97
金財子(K139),93
勝利寶貝(M221),92
真奇寶(J089),111
永旺家(M295),105
綠茵翹楚(L374),100
寶貝(J296),96
大有利(J169),96
千江映月(L009),102
威力高(K303),87
揀得正(J109),88
陽明好好(K055),87
風雲勇子(K405),96
齊鼓掌(L113),101
如意算盤(L360),99
極速寶寶(K207),89
領彩(M138),98
好中煌(M082),93
鬥心(M333),78
花樣年華(L219),94
出人意表(L156),95
中游天地(M196),92
魄力寶(J048),92
百事凰(M153),88
軍旗(L162),94
喜蓮智星(L228),99
曬冷王(L179),96
活力奔騰(L364),98
盈彩繽紛(L152),114
蓮華生輝(CG268),96
共創未來(L176),107
加州財子(M114),97
點心(CH226),95
金德寶(L103),96
新力勁(CH105),106
川河勁駒(L307),102
勝眼光(J049),86
享耆趣(M354),89
永新勝利(K183),89
八逢九紫(CH259),96
馬中神駒(CH182),104
嘉嘉掂(K270),98
美妙時機(L232),97
雲深鹿(L384),101
清脆利落(M029),95
精英勇士(L370),104
心明眼亮(M180),75
聚有盈(J051),88
松林之星(J167),95
生利多(M286),85
同一理想(M275),99
一分一秒(M323),90
愛國者(M312),83
勝爵(L262),99
塑料勁(L417),88
齊齊掂(CE275),100
天之驕子(K157),98
神采飛揚(M007),89
神聖駒(M091),114
旅遊大亨(K240),84
雨電風雷(L006),106
萬能駒(K058),97
開心動力(L014),94
顯旺(M372),95
騰雲駕霧(CH183),91
旅遊王子(L243),96
綠衣郎(J273),100
神雄金剛(K375),87
特好(J351),100
驚喜(K367),104
金碧亮馬(K187),97
精算攻略(L032),92
信得過(M070),95
勝利高(M184),94
威晒(L197),96
飛燕(M344),108
六六駿駒(L328),87
明駿之寶(J011),92
人人醒(M168),96
朝東精英(K089),72
眾樂樂(L344),95
常山鎮寶(CE147),92
皆大歡喜(K102),97
風陵渡(CG313),93
鋁合鎗(L111),101
天翼(M320),91
添福駿驥(M039),91
歡歡樂樂(L081),104
好好彩(L404),105
皇帝旨令(K381),92
風火駿駒(N091),88
龍的傳說(K181),97
芝麻雪糕(J003),99
祥勝愛駒(L189),106
最佳孖寶(CH239),103
賽特樂(M283),89
開心自在(L107),98
百利拍檔(L345),100
浚鋒天河(K137),97
龍騰寶駒(L137),104
沙場王子(M249),106
生生不息(L004),99
無敵福星(K057),98
幸運至尊(M093),85
飛躍王子(L132),98
齊歡唱(K227),110
正本仁心(J330),99
領航人(J254),84
步步穩(CG108),110
至勇威龍(K129),96
最著數(M116),107
安瑪(L398),107
新霸龍(M110),92
大唐勇將(J113),88
穩操勝算(J353),97
活力駿駒(M104),101
必勝熊(M351),112
震撼(N065),86
和牛(M139),94
世界波(CG307),76
月光寶盒(M364),82
首飾達寶(M296),104
好精彩(L234),116
多樂趣(L089),97
興緻高(CG254),92
小飛俠(L330),91
先知先覺(K341),97
嘉綵(N023),106
手機先鋒(L249),91
川滙主帥(CH083),90
賞惑(K161),97
天妙星(M380),72
夢想家(L131),76
育馬威王(M379),91
何方神聖(M125),102
飛躍之鋒(K390),117
分享(CH122),97
歡樂駿駒(M145),83
得寶飛駒(J077),82
魅力勇(M059),94
財寶鷹(M317),126
紅火電駒(M177),96
開心波(M307),89
巨有利(M334),99
勁豐收(M260),96
旺財神算(L310),88
永同至尊(K349),99
皇仁勇駒(M147),96
銀城威龍(L263),96
齊心(M409),80
馬之王(L051),106
穩勝福門(M288),90
大行其道(N039),62
精算縱橫(M373),122
幸運寶駒(M264),88
銀塘勝景(N616),103
鑄鐘大師(L621),101
始創先鋒(N619),100
至勁寶(M620),100
威達馬(N622),98
紅杉木(M624),97
犀利靈(N621),95
屏息以待(N601),100
綠色駿威(CH245),98
火箭人(M601),97
社會基石(N603),96
三人共舞(N605),95
都市風光(N607),104
杜拜之金(N610),103
驪勝名駒(M612),100
莎貝寶駒(M613),100
占美大亨(N608),100
夏威夷鳥(N611),96
前衛先鋒(N614),102
諺語(N612),100
勒索信(N615),98
德班雷霆(N613),96
孫子赤兔(N050),93
騎士皇(N018),105
健康田園(L316),97
好好的(N031),86
手風順(M103),103
白玉駿駒(K131),92
神力金剛(K041),98
好好友(N032),100
共創和諧(M349),90
小鬥士(L121),85
自由飛(M309),93
帶喜來(N074),101
及時雨(L268),92
天鷹(CE293),94
精算師(M159),95
帶領潮流(M208),103
父子兵(L165),100
幸福滿滿(N085),102
萬寶駒(M216),97
衝鋒槍(CG169),86
陽明深心(L373),94
雲吞蝦王(N199),101
龍武軍(J237),94
威風統領(M385),98
一號木(L233),95
超群如意(L102),82
寶珊瑚(N108),90
碧海潮生(N150),88
銀影激光(J149),104
金德勝(M179),99
多多得(M352),89
金添多彩(M132),95
好心星(K277),103
盈利多(N206),96
同步世界(M348),73
百勝福將(M006),93
飛帆(N043),87
閒話一句(K217),89
街知巷聞(N056),84
大寶(N125),91
欖球先鋒(N197),99
世界大同(L202),90
有料(M411),95
爆料(L626),101
興盈(N626),98
爵士樂(K636),97
品自高(N624),96
魅力多(N232),92
風雨不改(M369),95
名利雙收(N242),100
無懼風雨(N205),107
華多寶(M268),95
淡淡定(L293),82
風雲上將(N003),94
威力寶(N020),107
翻羽(N072),96
統治地位(N628),105
納遜子爵(N629),96
非洲傳說(N630),100
果敢決斷(M637),100
國王玫瑰(N631),98
芙蓉生輝(N277),105
張家界(M337),103
勝將雄風(N214),95
風雲際會(N256),95
奇妙組合(N144),96
時來金龍(N114),93
財昇勁(N042),99
紫氣東來(N068),91
熱咖啡(N163),95
翡翠海星(M106),97
天一(N082),95
火日飛駒(N249),95
威皇(N363),95
捷領風騷(N352),99
